id,sku,name,slug,description,short_description,category_tag,tags,regular_price,sale_price,status,published,stock_status,stock_quantity,backorders,sold_individually,weight,length,width,height,ship_class,images,download_limit,download_expiry,product_url,buy_now_url
7608527,DIGIKALA-7608527,"ادوپرفیوم مردانه نیفتی مدل ساواج دیور با رایحه خنک حجم 100 میلی‌لیتر",ادوپرفیوم-مردانه-نیفتی-مدل-ساواج-دیور-با-رایحه-خنک-حجم-100-میلی-لیتر-7608527,"ادوپرفیوم مردانه نیفتی مدل ساواج دیور با رایحه خنک حجم 100 میلی‌لیتر؛ محصول موجود در دیجی‌کالا. پیش از انتشار، اطلاعات محصول و مجوز استفاده از محتوا را بررسی کنید.","خرید ادوپرفیوم مردانه نیفتی مدل ساواج دیور با رایحه خنک حجم 100 میلی‌لیتر","عطر و ادکلن","دیجی‌کالا,عطر,ادکلن",26000000,12210000,draft,0,instock,10,no,no,,,,,,"https://dkstatics-public.digikala.com/digikala-products/2f1da2da383be8436c6f932192f44918cf00aba6_1754247222.jpg?x-oss-process=image/resize,m_lfit,h_300,w_300/format,webp/quality,q_80",,,https://www.digikala.com/product/dkp-7608527/ادوپرفیوم-مردانه-نیفتی-مدل-ساواج-دیور-با-رایحه-خنک-حجم-100-میلیلیتر,
18013409,DIGIKALA-18013409,"ادوپرفیوم مردانه هارلینگن مدل ساواج دیور با رایحه خنک حجم 100میلی لیتر",ادوپرفیوم-مردانه-هارلینگن-مدل-ساواج-دیور-با-رایحه-خنک-حجم-100میلی-لیتر-18013409,"ادوپرفیوم مردانه هارلینگن مدل ساواج دیور با رایحه خنک حجم 100میلی لیتر؛ محصول موجود در دیجی‌کالا. پیش از انتشار، اطلاعات محصول و مجوز استفاده از محتوا را بررسی کنید.","خرید ادوپرفیوم مردانه هارلینگن مدل ساواج دیور با رایحه خنک حجم 100میلی لیتر","عطر و ادکلن","دیجی‌کالا,عطر,ادکلن",27000000,10990000,draft,0,instock,10,no,no,,,,,,"https://dkstatics-public.digikala.com/digikala-products/82efc214cb68042a490301986e6a362eefb29b8b_1754239403.jpg?x-oss-process=image/resize,m_lfit,h_300,w_300/format,webp/quality,q_80",,,https://www.digikala.com/product/dkp-18013409/ادوپرفیوم-مردانه-هارلینگن-مدل-ساواج-دیور-با-رایحه-خنک-حجم-100میلی-لیتر,
21090992,DIGIKALA-21090992,"ادو پرفیوم مردانه زدفون مدل ایو سن لورن وای با رایحه خنک حجم 100 میلی لیتر",ادو-پرفیوم-مردانه-زدفون-مدل-ایو-سن-لورن-وای-با-رایحه-خنک-حجم-100-میلی-لیتر-21090992,"ادو پرفیوم مردانه زدفون مدل ایو سن لورن وای با رایحه خنک حجم 100 میلی لیتر؛ محصول موجود در دیجی‌کالا. پیش از انتشار، اطلاعات محصول و مجوز استفاده از محتوا را بررسی کنید.","خرید ادو پرفیوم مردانه زدفون مدل ایو سن لورن وای با رایحه خنک حجم 100 میلی لیتر","عطر و ادکلن","دیجی‌کالا,عطر,ادکلن",33400000,13990000,draft,0,instock,10,no,no,,,,,,"https://dkstatics-public.digikala.com/digikala-products/24d57bba29b5b442b042a87d71cf5ddd75822906_1765718122.jpg?x-oss-process=image/resize,m_lfit,h_300,w_300/format,webp/quality,q_80",,,https://www.digikala.com/product/dkp-21090992/ادو-پرفیوم-مردانه-زدفون-مدل-ایو-سن-لورن-وای-با-رایحه-خنک-حجم-100-میلی-لیتر,
17099923,DIGIKALA-17099923,"ادو پرفیوم مردانه فراگرنس پرشیا 116 مدل دایویدف کول واتر با رایحه خنک  حجم 35 میلی لیتر",ادو-پرفیوم-مردانه-فراگرنس-پرشیا-116-مدل-دایویدف-کول-واتر-با-رایحه-خنک-حجم-35-میلی-لیتر-17099923,"ادو پرفیوم مردانه فراگرنس پرشیا 116 مدل دایویدف کول واتر با رایحه خنک  حجم 35 میلی لیتر؛ محصول موجود در دیجی‌کالا. پیش از انتشار، اطلاعات محصول و مجوز استفاده از محتوا را بررسی کنید.","خرید ادو پرفیوم مردانه فراگرنس پرشیا 116 مدل دایویدف کول واتر با رایحه خنک  حجم 35 میلی لیتر","عطر و ادکلن","دیجی‌کالا,عطر,ادکلن",3800000,3200000,draft,0,instock,10,no,no,,,,,,"https://dkstatics-public.digikala.com/digikala-products/30b8c2c5a044953aa8b40f1dc21a4e67839490ad_1729682166.jpg?x-oss-process=image/resize,m_lfit,h_300,w_300/format,webp/quality,q_80",,,https://www.digikala.com/product/dkp-17099923/ادو-پرفیوم-مردانه-فراگرنس-پرشیا-116-مدل-دایویدف-کول-واتر-با-رایحه-خنک-حجم-35-میلی-لیتر,
18644609,DIGIKALA-18644609,"ادو پرفیوم مردانه هارلینگن مدل بلو شنل با رایحه خنک حجم 100 میلی لیتر",ادو-پرفیوم-مردانه-هارلینگن-مدل-بلو-شنل-با-رایحه-خنک-حجم-100-میلی-لیتر-18644609,"ادو پرفیوم مردانه هارلینگن مدل بلو شنل با رایحه خنک حجم 100 میلی لیتر؛ محصول موجود در دیجی‌کالا. پیش از انتشار، اطلاعات محصول و مجوز استفاده از محتوا را بررسی کنید.","خرید ادو پرفیوم مردانه هارلینگن مدل بلو شنل با رایحه خنک حجم 100 میلی لیتر","عطر و ادکلن","دیجی‌کالا,عطر,ادکلن",27000000,10990000,draft,0,instock,10,no,no,,,,,,"https://dkstatics-public.digikala.com/digikala-products/c742caa3200289b5ff54f670e5e4af0a502f739a_1754240978.jpg?x-oss-process=image/resize,m_lfit,h_300,w_300/format,webp/quality,q_80",,,https://www.digikala.com/product/dkp-18644609/ادو-پرفیوم-مردانه-هارلینگن-مدل-بلو-شنل-با-رایحه-خنک-حجم-100-میلی-لیتر,
1759329,DIGIKALA-1759329,"ادو پرفیوم مردانه دندلیون مدل اسنشیال با رایحه خنک و تلخ حجم 100 میلی لیتر",ادو-پرفیوم-مردانه-دندلیون-مدل-اسنشیال-با-رایحه-خنک-و-تلخ-حجم-100-میلی-لیتر-1759329,"ادو پرفیوم مردانه دندلیون مدل اسنشیال با رایحه خنک و تلخ حجم 100 میلی لیتر؛ محصول موجود در دیجی‌کالا. پیش از انتشار، اطلاعات محصول و مجوز استفاده از محتوا را بررسی کنید.","خرید ادو پرفیوم مردانه دندلیون مدل اسنشیال با رایحه خنک و تلخ حجم 100 میلی لیتر","عطر و ادکلن","دیجی‌کالا,عطر,ادکلن",26375250,20800000,draft,0,instock,10,no,no,,,,,,"https://dkstatics-public.digikala.com/digikala-products/3c1f517c6d55ea7aeb5aec627412abcd47ee5136_1754238168.jpg?x-oss-process=image/resize,m_lfit,h_300,w_300/format,webp/quality,q_80",,,https://www.digikala.com/product/dkp-1759329/ادو-پرفیوم-مردانه-دندلیون-مدل-اسنشیال-حجم-100-میلی-لیتر,
10479648,DIGIKALA-10479648,"ادو پرفیوم مردانه نیفتی مدل بلو شنل با رایحه معتدل حجم 100 میلی لیتر",ادو-پرفیوم-مردانه-نیفتی-مدل-بلو-شنل-با-رایحه-معتدل-حجم-100-میلی-لیتر-10479648,"ادو پرفیوم مردانه نیفتی مدل بلو شنل با رایحه معتدل حجم 100 میلی لیتر؛ محصول موجود در دیجی‌کالا. پیش از انتشار، اطلاعات محصول و مجوز استفاده از محتوا را بررسی کنید.","خرید ادو پرفیوم مردانه نیفتی مدل بلو شنل با رایحه معتدل حجم 100 میلی لیتر","عطر و ادکلن","دیجی‌کالا,عطر,ادکلن",26000000,11900000,draft,0,instock,10,no,no,,,,,,"https://dkstatics-public.digikala.com/digikala-products/733c5c262879338393eab538fbe5c10823c862b2_1754253564.jpg?x-oss-process=image/resize,m_lfit,h_300,w_300/format,webp/quality,q_80",,,https://www.digikala.com/product/dkp-10479648/ادو-پرفیوم-مردانه-نیفتی-مدل-بلو-شنل-با-رایحه-معتدل-حجم-100-میلی-لیتر,
19563280,DIGIKALA-19563280,"ادو پرفیوم مردانه ایفوریا مدل شنل اگویست پلاتینیوم با رایحه خنک حجم 100 میلی لیتر",ادو-پرفیوم-مردانه-ایفوریا-مدل-شنل-اگویست-پلاتینیوم-با-رایحه-خنک-حجم-100-میلی-لیتر-19563280,"ادو پرفیوم مردانه ایفوریا مدل شنل اگویست پلاتینیوم با رایحه خنک حجم 100 میلی لیتر؛ محصول موجود در دیجی‌کالا. پیش از انتشار، اطلاعات محصول و مجوز استفاده از محتوا را بررسی کنید.","خرید ادو پرفیوم مردانه ایفوریا مدل شنل اگویست پلاتینیوم با رایحه خنک حجم 100 میلی لیتر","عطر و ادکلن","دیجی‌کالا,عطر,ادکلن",29000000,22600000,draft,0,instock,10,no,no,,,,,,"https://dkstatics-public.digikala.com/digikala-products/068b3d1fb6507e4f964519553d23c2fbe152ce82_1749982053.jpg?x-oss-process=image/resize,m_lfit,h_300,w_300/format,webp/quality,q_80",,,https://www.digikala.com/product/dkp-19563280/ادو-پرفیوم-مردانه-ایفوریا-مدل-شنل-اگویست-پلاتینیوم-با-رایحه-خنک-حجم-100-میلی-لیتر,
17366892,DIGIKALA-17366892,"ادو پرفیوم مردانه فراگرنس پرشیا 116 مدل دیزایر بلو با رایحه خنک حجم 50 میلی لیتر",ادو-پرفیوم-مردانه-فراگرنس-پرشیا-116-مدل-دیزایر-بلو-با-رایحه-خنک-حجم-50-میلی-لیتر-17366892,"ادو پرفیوم مردانه فراگرنس پرشیا 116 مدل دیزایر بلو با رایحه خنک حجم 50 میلی لیتر؛ محصول موجود در دیجی‌کالا. پیش از انتشار، اطلاعات محصول و مجوز استفاده از محتوا را بررسی کنید.","خرید ادو پرفیوم مردانه فراگرنس پرشیا 116 مدل دیزایر بلو با رایحه خنک حجم 50 میلی لیتر","عطر و ادکلن","دیجی‌کالا,عطر,ادکلن",9500000,5200000,draft,0,instock,10,no,no,,,,,,"https://dkstatics-public.digikala.com/digikala-products/1bcc6ffc1765a7904a1343026019c7fbc4c8c2de_1731433076.jpg?x-oss-process=image/resize,m_lfit,h_300,w_300/format,webp/quality,q_80",,,https://www.digikala.com/product/dkp-17366892/ادو-پرفیوم-مردانه-فراگرنس-پرشیا-116-مدل-دیزایر-بلو-با-رایحه-خنک-حجم-50-میلی-لیتر,
20252898,DIGIKALA-20252898,"ادو پرفیوم مردانه کلپک مدل ساواج دیور با رایحه خنک حجم 100 میلی لیتر مجموعه 2 عددی",ادو-پرفیوم-مردانه-کلپک-مدل-ساواج-دیور-با-رایحه-خنک-حجم-100-میلی-لیتر-مجموعه-2-عددی-20252898,"ادو پرفیوم مردانه کلپک مدل ساواج دیور با رایحه خنک حجم 100 میلی لیتر مجموعه 2 عددی؛ محصول موجود در دیجی‌کالا. پیش از انتشار، اطلاعات محصول و مجوز استفاده از محتوا را بررسی کنید.","خرید ادو پرفیوم مردانه کلپک مدل ساواج دیور با رایحه خنک حجم 100 میلی لیتر مجموعه 2 عددی","عطر و ادکلن","دیجی‌کالا,عطر,ادکلن",50000000,18500000,draft,0,instock,10,no,no,,,,,,"https://dkstatics-public.digikala.com/digikala-products/5b8205f9d91f12656f2e29ba79a1f752c9b6cff9_1756063592.jpg?x-oss-process=image/resize,m_lfit,h_300,w_300/format,webp/quality,q_80",,,https://www.digikala.com/product/dkp-20252898/ادو-پرفیوم-مردانه-کلپک-مدل-ساواج-دیور-با-رایحه-خنک-حجم-100-میلی-لیتر-مجموعه-2-عددی,
19465376,DIGIKALA-19465376,"ادو پرفیوم مردانه کلپک مدل بلو شنل با رایحه خنک و تلخ حجم 100 میلی لیتر",ادو-پرفیوم-مردانه-کلپک-مدل-بلو-شنل-با-رایحه-خنک-و-تلخ-حجم-100-میلی-لیتر-19465376,"ادو پرفیوم مردانه کلپک مدل بلو شنل با رایحه خنک و تلخ حجم 100 میلی لیتر؛ محصول موجود در دیجی‌کالا. پیش از انتشار، اطلاعات محصول و مجوز استفاده از محتوا را بررسی کنید.","خرید ادو پرفیوم مردانه کلپک مدل بلو شنل با رایحه خنک و تلخ حجم 100 میلی لیتر","عطر و ادکلن","دیجی‌کالا,عطر,ادکلن",20000000,9800000,draft,0,instock,10,no,no,,,,,,"https://dkstatics-public.digikala.com/digikala-products/9096bcb8dea65e764aea05fd5b8b155b1d4f6f11_1749326614.jpg?x-oss-process=image/resize,m_lfit,h_300,w_300/format,webp/quality,q_80",,,https://www.digikala.com/product/dkp-19465376/ادو-پرفیوم-مردانه-کلپک-مدل-بلو-شنل-با-رایحه-خنک-و-تلخ-حجم-100-میلی-لیتر,
2487178,DIGIKALA-2487178,"ادو پرفیوم مردانه اسکلاره مدل Salvador با رایحه گرم و تند حجم 85 میلی لیتر",ادو-پرفیوم-مردانه-اسکلاره-مدل-salvador-با-رایحه-گرم-و-تند-حجم-85-میلی-لیتر-2487178,"ادو پرفیوم مردانه اسکلاره مدل Salvador با رایحه گرم و تند حجم 85 میلی لیتر؛ محصول موجود در دیجی‌کالا. پیش از انتشار، اطلاعات محصول و مجوز استفاده از محتوا را بررسی کنید.","خرید ادو پرفیوم مردانه اسکلاره مدل Salvador با رایحه گرم و تند حجم 85 میلی لیتر","عطر و ادکلن","دیجی‌کالا,عطر,ادکلن",9705000,5416000,draft,0,instock,10,no,no,,,,,,"https://dkstatics-public.digikala.com/digikala-products/eff6b98a10e4a6254e7b653dcbdbacaa5e6dc750_1754242540.jpg?x-oss-process=image/resize,m_lfit,h_300,w_300/format,webp/quality,q_80",,,https://www.digikala.com/product/dkp-2487178/ادو-پرفیوم-مردانه-اسکلاره-مدل-salvador-حجم-85-میلی-لیتر,
18914296,DIGIKALA-18914296,"ادو پرفیوم مردانه کلپک مدل ساواج دیور با رایحه خنک حجم 60 میلی لیتر",ادو-پرفیوم-مردانه-کلپک-مدل-ساواج-دیور-با-رایحه-خنک-حجم-60-میلی-لیتر-18914296,"ادو پرفیوم مردانه کلپک مدل ساواج دیور با رایحه خنک حجم 60 میلی لیتر؛ محصول موجود در دیجی‌کالا. پیش از انتشار، اطلاعات محصول و مجوز استفاده از محتوا را بررسی کنید.","خرید ادو پرفیوم مردانه کلپک مدل ساواج دیور با رایحه خنک حجم 60 میلی لیتر","عطر و ادکلن","دیجی‌کالا,عطر,ادکلن",17000000,7650000,draft,0,instock,10,no,no,,,,,,"https://dkstatics-public.digikala.com/digikala-products/c16364ed679995fef689fde519199c82d6dac2ab_1754241333.jpg?x-oss-process=image/resize,m_lfit,h_300,w_300/format,webp/quality,q_80",,,https://www.digikala.com/product/dkp-18914296/ادو-پرفیوم-مردانه-کلپک-مدل-ساواج-دیور-با-رایحه-خنک-حجم-60-میلی-لیتر,
20544288,DIGIKALA-20544288,"ادو پرفیوم مردانه زدفون مدل کول واتر با رایحه خنک حجم 100 میلی لیتر",ادو-پرفیوم-مردانه-زدفون-مدل-کول-واتر-با-رایحه-خنک-حجم-100-میلی-لیتر-20544288,"ادو پرفیوم مردانه زدفون مدل کول واتر با رایحه خنک حجم 100 میلی لیتر؛ محصول موجود در دیجی‌کالا. پیش از انتشار، اطلاعات محصول و مجوز استفاده از محتوا را بررسی کنید.","خرید ادو پرفیوم مردانه زدفون مدل کول واتر با رایحه خنک حجم 100 میلی لیتر","عطر و ادکلن","دیجی‌کالا,عطر,ادکلن",27200000,,draft,0,instock,10,no,no,,,,,,"https://dkstatics-public.digikala.com/digikala-products/341e7a8363fd3ca80409269b40ce066ec1ee8faf_1758984722.jpg?x-oss-process=image/resize,m_lfit,h_300,w_300/format,webp/quality,q_80",,,https://www.digikala.com/product/dkp-20544288/ادو-پرفیوم-مردانه-زدفون-مدل-کول-واتر-با-رایحه-خنک-حجم-100-میلی-لیتر,
12659298,DIGIKALA-12659298,"ادوپرفیوم مردانه لطافه مدل حیاتی حجم 100 میلی‌لیتر",ادوپرفیوم-مردانه-لطافه-مدل-حیاتی-حجم-100-میلی-لیتر-12659298,"ادوپرفیوم مردانه لطافه مدل حیاتی حجم 100 میلی‌لیتر؛ محصول موجود در دیجی‌کالا. پیش از انتشار، اطلاعات محصول و مجوز استفاده از محتوا را بررسی کنید.","خرید ادوپرفیوم مردانه لطافه مدل حیاتی حجم 100 میلی‌لیتر","عطر و ادکلن","دیجی‌کالا,عطر,ادکلن",24200000,,draft,0,instock,10,no,no,,,,,,"https://dkstatics-public.digikala.com/digikala-products/34a5470b52b23bf2a7ba5e641fc7ca66d7ec7f16_1754251048.jpg?x-oss-process=image/resize,m_lfit,h_300,w_300/format,webp/quality,q_80",,,https://www.digikala.com/product/dkp-12659298/ادوپرفیوم-مردانه-لطافه-مدل-حیاتی-حجم-100-میلیلیتر,
17366761,DIGIKALA-17366761,"ادو پرفیوم مردانه فراگرنس پرشیا 116 مدل دیزایر بلو با رایحه خنک حجم 100 میلی لیتر",ادو-پرفیوم-مردانه-فراگرنس-پرشیا-116-مدل-دیزایر-بلو-با-رایحه-خنک-حجم-100-میلی-لیتر-17366761,"ادو پرفیوم مردانه فراگرنس پرشیا 116 مدل دیزایر بلو با رایحه خنک حجم 100 میلی لیتر؛ محصول موجود در دیجی‌کالا. پیش از انتشار، اطلاعات محصول و مجوز استفاده از محتوا را بررسی کنید.","خرید ادو پرفیوم مردانه فراگرنس پرشیا 116 مدل دیزایر بلو با رایحه خنک حجم 100 میلی لیتر","عطر و ادکلن","دیجی‌کالا,عطر,ادکلن",13500000,7200000,draft,0,instock,10,no,no,,,,,,"https://dkstatics-public.digikala.com/digikala-products/a9055a7f33b7b1b64bf5484420ecd29d25e824ad_1731432273.jpg?x-oss-process=image/resize,m_lfit,h_300,w_300/format,webp/quality,q_80",,,https://www.digikala.com/product/dkp-17366761/ادو-پرفیوم-مردانه-فراگرنس-پرشیا-116-مدل-دیزایر-بلو-با-رایحه-خنک-حجم-100-میلی-لیتر,
17269389,DIGIKALA-17269389,"ادو پرفیوم مردانه لالیکو مدل دیزایر بلو با رایحه خنک حجم 70 میلی لیتر",ادو-پرفیوم-مردانه-لالیکو-مدل-دیزایر-بلو-با-رایحه-خنک-حجم-70-میلی-لیتر-17269389,"ادو پرفیوم مردانه لالیکو مدل دیزایر بلو با رایحه خنک حجم 70 میلی لیتر؛ محصول موجود در دیجی‌کالا. پیش از انتشار، اطلاعات محصول و مجوز استفاده از محتوا را بررسی کنید.","خرید ادو پرفیوم مردانه لالیکو مدل دیزایر بلو با رایحه خنک حجم 70 میلی لیتر","عطر و ادکلن","دیجی‌کالا,عطر,ادکلن",12000000,5999000,draft,0,instock,10,no,no,,,,,,"https://dkstatics-public.digikala.com/digikala-products/5e191f6e738dc6c242301b537e9034812e428924_1754237597.jpg?x-oss-process=image/resize,m_lfit,h_300,w_300/format,webp/quality,q_80",,,https://www.digikala.com/product/dkp-17269389/ادو-پرفیوم-مردانه-لالیکو-مدل-دیزایر-بلو-با-رایحه-خنک-حجم-70-میلی-لیتر,
4683956,DIGIKALA-4683956,"ادوپرفیوم مردانه اسکلاره مدل Bleu De Chanel حجم 100 میلی‌لیتر",ادوپرفیوم-مردانه-اسکلاره-مدل-bleu-de-chanel-حجم-100-میلی-لیتر-4683956,"ادوپرفیوم مردانه اسکلاره مدل Bleu De Chanel حجم 100 میلی‌لیتر؛ محصول موجود در دیجی‌کالا. پیش از انتشار، اطلاعات محصول و مجوز استفاده از محتوا را بررسی کنید.","خرید ادوپرفیوم مردانه اسکلاره مدل Bleu De Chanel حجم 100 میلی‌لیتر","عطر و ادکلن","دیجی‌کالا,عطر,ادکلن",18362000,9983000,draft,0,instock,10,no,no,,,,,,"https://dkstatics-public.digikala.com/digikala-products/4ed85b26eac403a4a97d8db8d8a9e8f58bea67e4_1754244640.jpg?x-oss-process=image/resize,m_lfit,h_300,w_300/format,webp/quality,q_80",,,https://www.digikala.com/product/dkp-4683956/ادوپرفیوم-مردانه-اسکلاره-مدل-bleu-de-chanel-حجم-100-میلیلیتر,
21223355,DIGIKALA-21223355,"ادو پرفیوم مردانه هارلینگن مدل دیور فارنهایت با رایحه گرم و معتدل حجم 100 میلی لیتر",ادو-پرفیوم-مردانه-هارلینگن-مدل-دیور-فارنهایت-با-رایحه-گرم-و-معتدل-حجم-100-میلی-لیتر-21223355,"ادو پرفیوم مردانه هارلینگن مدل دیور فارنهایت با رایحه گرم و معتدل حجم 100 میلی لیتر؛ محصول موجود در دیجی‌کالا. پیش از انتشار، اطلاعات محصول و مجوز استفاده از محتوا را بررسی کنید.","خرید ادو پرفیوم مردانه هارلینگن مدل دیور فارنهایت با رایحه گرم و معتدل حجم 100 میلی لیتر","عطر و ادکلن","دیجی‌کالا,عطر,ادکلن",23000000,9970000,draft,0,instock,10,no,no,,,,,,"https://dkstatics-public.digikala.com/digikala-products/39dc902b3e8ef0606acd9789152ad0cfd3289182_1767589806.jpg?x-oss-process=image/resize,m_lfit,h_300,w_300/format,webp/quality,q_80",,,https://www.digikala.com/product/dkp-21223355/ادو-پرفیوم-مردانه-هارلینگن-مدل-دیور-فارنهایت-با-رایحه-گرم-و-معتدل-حجم-100-میلی-لیتر,
19565639,DIGIKALA-19565639,"ادو پرفیوم مردانه کلپک مدل دانهیل دیزایر بلو با رایحه خنک حجم 50 میلی لیتر",ادو-پرفیوم-مردانه-کلپک-مدل-دانهیل-دیزایر-بلو-با-رایحه-خنک-حجم-50-میلی-لیتر-19565639,"ادو پرفیوم مردانه کلپک مدل دانهیل دیزایر بلو با رایحه خنک حجم 50 میلی لیتر؛ محصول موجود در دیجی‌کالا. پیش از انتشار، اطلاعات محصول و مجوز استفاده از محتوا را بررسی کنید.","خرید ادو پرفیوم مردانه کلپک مدل دانهیل دیزایر بلو با رایحه خنک حجم 50 میلی لیتر","عطر و ادکلن","دیجی‌کالا,عطر,ادکلن",12000000,5280000,draft,0,instock,10,no,no,,,,,,"https://dkstatics-public.digikala.com/digikala-products/7bc0b0eaa14f68be64618ecd3a486cfe242ff1eb_1750019340.jpg?x-oss-process=image/resize,m_lfit,h_300,w_300/format,webp/quality,q_80",,,https://www.digikala.com/product/dkp-19565639/ادو-پرفیوم-مردانه-کلپک-مدل-دانهیل-دیزایر-بلو-با-رایحه-خنک-حجم-50-میلی-لیتر,
18714161,DIGIKALA-18714161,"ادو پرفیوم مردانه لالیکو مدل دیور ساواج الکسیر با رایحه خنک حجم 60 میلی لیتر",ادو-پرفیوم-مردانه-لالیکو-مدل-دیور-ساواج-الکسیر-با-رایحه-خنک-حجم-60-میلی-لیتر-18714161,"ادو پرفیوم مردانه لالیکو مدل دیور ساواج الکسیر با رایحه خنک حجم 60 میلی لیتر؛ محصول موجود در دیجی‌کالا. پیش از انتشار، اطلاعات محصول و مجوز استفاده از محتوا را بررسی کنید.","خرید ادو پرفیوم مردانه لالیکو مدل دیور ساواج الکسیر با رایحه خنک حجم 60 میلی لیتر","عطر و ادکلن","دیجی‌کالا,عطر,ادکلن",14000000,5999000,draft,0,instock,10,no,no,,,,,,"https://dkstatics-public.digikala.com/digikala-products/2430e90acd010ff5a028b5ccb6974780c041c593_1755772060.jpg?x-oss-process=image/resize,m_lfit,h_300,w_300/format,webp/quality,q_80",,,https://www.digikala.com/product/dkp-18714161/ادو-پرفیوم-مردانه-لالیکو-مدل-دیور-ساواج-الکسیر-با-رایحه-خنک-حجم-60-میلی-لیتر,
20597956,DIGIKALA-20597956,"ادو پرفیوم مردانه کلپک مدل اینوکتوس با رایحه خنک حجم 50 میلی لیتر",ادو-پرفیوم-مردانه-کلپک-مدل-اینوکتوس-با-رایحه-خنک-حجم-50-میلی-لیتر-20597956,"ادو پرفیوم مردانه کلپک مدل اینوکتوس با رایحه خنک حجم 50 میلی لیتر؛ محصول موجود در دیجی‌کالا. پیش از انتشار، اطلاعات محصول و مجوز استفاده از محتوا را بررسی کنید.","خرید ادو پرفیوم مردانه کلپک مدل اینوکتوس با رایحه خنک حجم 50 میلی لیتر","عطر و ادکلن","دیجی‌کالا,عطر,ادکلن",15000000,6150000,draft,0,instock,10,no,no,,,,,,"https://dkstatics-public.digikala.com/digikala-products/fcf8b7c553d018169162ddd965c0adfee111a2c5_1786261527.jpg?x-oss-process=image/resize,m_lfit,h_300,w_300/format,webp/quality,q_80",,,https://www.digikala.com/product/dkp-20597956/ادو-پرفیوم-مردانه-کلپک-مدل-اینوکتوس-با-رایحه-خنک-حجم-50-میلی-لیتر,
8059378,DIGIKALA-8059378,"ادو پرفیوم مردانه بایلندو مدل اینوکتوس اسپرت حجم 100 میلی لیتر",ادو-پرفیوم-مردانه-بایلندو-مدل-اینوکتوس-اسپرت-حجم-100-میلی-لیتر-8059378,"ادو پرفیوم مردانه بایلندو مدل اینوکتوس اسپرت حجم 100 میلی لیتر؛ محصول موجود در دیجی‌کالا. پیش از انتشار، اطلاعات محصول و مجوز استفاده از محتوا را بررسی کنید.","خرید ادو پرفیوم مردانه بایلندو مدل اینوکتوس اسپرت حجم 100 میلی لیتر","عطر و ادکلن","دیجی‌کالا,عطر,ادکلن",27973500,11928300,draft,0,instock,10,no,no,,,,,,"https://dkstatics-public.digikala.com/digikala-products/3c2d07b54661020c8b5ea763c49c59eb6757359a_1646840504.jpg?x-oss-process=image/resize,m_lfit,h_300,w_300/format,webp/quality,q_80",,,https://www.digikala.com/product/dkp-8059378/ادو-پرفیوم-مردانه-بایلندو-مدل-اینوکتوس-اسپرت-حجم-100-میلی-لیتر,
19966004,DIGIKALA-19966004,"ادو پرفیوم مردانه نیفتی مدل اینوکتوس با رایحه خنک حجم 30 میلی لیتر",ادو-پرفیوم-مردانه-نیفتی-مدل-اینوکتوس-با-رایحه-خنک-حجم-30-میلی-لیتر-19966004,"ادو پرفیوم مردانه نیفتی مدل اینوکتوس با رایحه خنک حجم 30 میلی لیتر؛ محصول موجود در دیجی‌کالا. پیش از انتشار، اطلاعات محصول و مجوز استفاده از محتوا را بررسی کنید.","خرید ادو پرفیوم مردانه نیفتی مدل اینوکتوس با رایحه خنک حجم 30 میلی لیتر","عطر و ادکلن","دیجی‌کالا,عطر,ادکلن",11000000,5310000,draft,0,instock,10,no,no,,,,,,"https://dkstatics-public.digikala.com/digikala-products/bb00e095213720fda7a774f405eeac85302a40a7_1753612477.jpg?x-oss-process=image/resize,m_lfit,h_300,w_300/format,webp/quality,q_80",,,https://www.digikala.com/product/dkp-19966004/ادو-پرفیوم-مردانه-نیفتی-مدل-اینوکتوس-با-رایحه-خنک-حجم-30-میلی-لیتر,
18296374,DIGIKALA-18296374,"ادوپرفیوم مردانه رودیر مدل CH POUR HOMME با رایحه شیرین حجم 100 میلی لیتر",ادوپرفیوم-مردانه-رودیر-مدل-ch-pour-homme-با-رایحه-شیرین-حجم-100-میلی-لیتر-18296374,"ادوپرفیوم مردانه رودیر مدل CH POUR HOMME با رایحه شیرین حجم 100 میلی لیتر؛ محصول موجود در دیجی‌کالا. پیش از انتشار، اطلاعات محصول و مجوز استفاده از محتوا را بررسی کنید.","خرید ادوپرفیوم مردانه رودیر مدل CH POUR HOMME با رایحه شیرین حجم 100 میلی لیتر","عطر و ادکلن","دیجی‌کالا,عطر,ادکلن",15563500,4388100,draft,0,instock,10,no,no,,,,,,"https://dkstatics-public.digikala.com/digikala-products/6f3452e9c3ed05c5e6b131b2f4d097b7bf994c78_1739273522.jpg?x-oss-process=image/resize,m_lfit,h_300,w_300/format,webp/quality,q_80",,,https://www.digikala.com/product/dkp-18296374/ادوپرفیوم-مردانه-رودیر-مدل-ch-pour-homme-با-رایحه-شیرین-حجم-100-میلی-لیتر,
18497824,DIGIKALA-18497824,"عطر جیبی مردانه کوکو بلان مدل آوو با رایحه خنک و مرکباتی با حجم ۳۰ میلی لیتر",عطر-جیبی-مردانه-کوکو-بلان-مدل-آوو-با-رایحه-خنک-و-مرکباتی-با-حجم-۳۰-میلی-لیتر-18497824,"عطر جیبی مردانه کوکو بلان مدل آوو با رایحه خنک و مرکباتی با حجم ۳۰ میلی لیتر؛ محصول موجود در دیجی‌کالا. پیش از انتشار، اطلاعات محصول و مجوز استفاده از محتوا را بررسی کنید.","خرید عطر جیبی مردانه کوکو بلان مدل آوو با رایحه خنک و مرکباتی با حجم ۳۰ میلی لیتر","عطر و ادکلن","دیجی‌کالا,عطر,ادکلن",14000000,6300000,draft,0,instock,10,no,no,,,,,,"https://dkstatics-public.digikala.com/digikala-products/3cf9172fabfb2a4e74afd057471253da6b9d5acd_1787139008.jpg?x-oss-process=image/resize,m_lfit,h_300,w_300/format,webp/quality,q_80",,,https://www.digikala.com/product/dkp-18497824/عطر-جیبی-مردانه-کوکو-بلان-مدل-آوو-با-رایحه-خنک-و-مرکباتی-با-حجم-۳۰-میلی-لیتر,
17787441,DIGIKALA-17787441,"ادو تویلت مردانه اسکلاره مدل 020 با رایحه خنک حجم 100 میلی لیتر",ادو-تویلت-مردانه-اسکلاره-مدل-020-با-رایحه-خنک-حجم-100-میلی-لیتر-17787441,"ادو تویلت مردانه اسکلاره مدل 020 با رایحه خنک حجم 100 میلی لیتر؛ محصول موجود در دیجی‌کالا. پیش از انتشار، اطلاعات محصول و مجوز استفاده از محتوا را بررسی کنید.","خرید ادو تویلت مردانه اسکلاره مدل 020 با رایحه خنک حجم 100 میلی لیتر","عطر و ادکلن","دیجی‌کالا,عطر,ادکلن",18362000,15239300,draft,0,instock,10,no,no,,,,,,"https://dkstatics-public.digikala.com/digikala-products/220e79927e540d37e85b58246ede24e5643d3152_1734863044.jpg?x-oss-process=image/resize,m_lfit,h_300,w_300/format,webp/quality,q_80",,,https://www.digikala.com/product/dkp-17787441/ادو-تویلت-مردانه-اسکلاره-مدل-020-با-رایحه-خنک-حجم-100-میلی-لیتر,
18706897,DIGIKALA-18706897,"ادو پرفیوم مردانه کلپک مدل دیور هوم اینتنس حجم 50 میلی لیتر",ادو-پرفیوم-مردانه-کلپک-مدل-دیور-هوم-اینتنس-حجم-50-میلی-لیتر-18706897,"ادو پرفیوم مردانه کلپک مدل دیور هوم اینتنس حجم 50 میلی لیتر؛ محصول موجود در دیجی‌کالا. پیش از انتشار، اطلاعات محصول و مجوز استفاده از محتوا را بررسی کنید.","خرید ادو پرفیوم مردانه کلپک مدل دیور هوم اینتنس حجم 50 میلی لیتر","عطر و ادکلن","دیجی‌کالا,عطر,ادکلن",12000000,6720000,draft,0,instock,10,no,no,,,,,,"https://dkstatics-public.digikala.com/digikala-products/9042c67f2269c32c5ca34f3a03b96237b2d52c57_1754640652.jpg?x-oss-process=image/resize,m_lfit,h_300,w_300/format,webp/quality,q_80",,,https://www.digikala.com/product/dkp-18706897/ادو-پرفیوم-مردانه-کلپک-مدل-دیور-هوم-اینتنس-حجم-50-میلی-لیتر,
17142869,DIGIKALA-17142869,"ادو پرفیوم مردانه فراگرنس پرشیا 116 مدل دیزایر بلو با رایحه خنک حجم 35 میلی لیتر",ادو-پرفیوم-مردانه-فراگرنس-پرشیا-116-مدل-دیزایر-بلو-با-رایحه-خنک-حجم-35-میلی-لیتر-17142869,"ادو پرفیوم مردانه فراگرنس پرشیا 116 مدل دیزایر بلو با رایحه خنک حجم 35 میلی لیتر؛ محصول موجود در دیجی‌کالا. پیش از انتشار، اطلاعات محصول و مجوز استفاده از محتوا را بررسی کنید.","خرید ادو پرفیوم مردانه فراگرنس پرشیا 116 مدل دیزایر بلو با رایحه خنک حجم 35 میلی لیتر","عطر و ادکلن","دیجی‌کالا,عطر,ادکلن",4500000,3200000,draft,0,instock,10,no,no,,,,,,"https://dkstatics-public.digikala.com/digikala-products/7be0f4e71461f2118d10a11aee1eb825d39ec122_1731956986.jpg?x-oss-process=image/resize,m_lfit,h_300,w_300/format,webp/quality,q_80",,,https://www.digikala.com/product/dkp-17142869/ادو-پرفیوم-مردانه-فراگرنس-پرشیا-116-مدل-دیزایر-بلو-با-رایحه-خنک-حجم-35-میلی-لیتر,
20435041,DIGIKALA-20435041,"ادو پرفیوم مردانه آرماف مدل Infinity Silver با رایحه خنک حجم 105 میلی لیتر",ادو-پرفیوم-مردانه-آرماف-مدل-infinity-silver-با-رایحه-خنک-حجم-105-میلی-لیتر-20435041,"ادو پرفیوم مردانه آرماف مدل Infinity Silver با رایحه خنک حجم 105 میلی لیتر؛ محصول موجود در دیجی‌کالا. پیش از انتشار، اطلاعات محصول و مجوز استفاده از محتوا را بررسی کنید.","خرید ادو پرفیوم مردانه آرماف مدل Infinity Silver با رایحه خنک حجم 105 میلی لیتر","عطر و ادکلن","دیجی‌کالا,عطر,ادکلن",63739800,,draft,0,instock,10,no,no,,,,,,"https://dkstatics-public.digikala.com/digikala-products/85ca93b029142d823d8fdcef3e683f9985bb3de4_1757853248.jpg?x-oss-process=image/resize,m_lfit,h_300,w_300/format,webp/quality,q_80",,,https://www.digikala.com/product/dkp-20435041/ادو-پرفیوم-مردانه-آرماف-مدل-infinity-silver-با-رایحه-خنک-حجم-105-میلی-لیتر,
19564019,DIGIKALA-19564019,"ادو پرفیوم مردانه ایفوریا مدل آلفرد دانهیل دیزایر با رایحه گرم حجم 100 میلی لیتر",ادو-پرفیوم-مردانه-ایفوریا-مدل-آلفرد-دانهیل-دیزایر-با-رایحه-گرم-حجم-100-میلی-لیتر-19564019,"ادو پرفیوم مردانه ایفوریا مدل آلفرد دانهیل دیزایر با رایحه گرم حجم 100 میلی لیتر؛ محصول موجود در دیجی‌کالا. پیش از انتشار، اطلاعات محصول و مجوز استفاده از محتوا را بررسی کنید.","خرید ادو پرفیوم مردانه ایفوریا مدل آلفرد دانهیل دیزایر با رایحه گرم حجم 100 میلی لیتر","عطر و ادکلن","دیجی‌کالا,عطر,ادکلن",41000000,17010000,draft,0,instock,10,no,no,,,,,,"https://dkstatics-public.digikala.com/digikala-products/3ddf686c66bf2bca2b1d93f09f69459a57d6d24d_1749986416.jpg?x-oss-process=image/resize,m_lfit,h_300,w_300/format,webp/quality,q_80",,,https://www.digikala.com/product/dkp-19564019/ادو-پرفیوم-مردانه-ایفوریا-مدل-آلفرد-دانهیل-دیزایر-با-رایحه-گرم-حجم-100-میلی-لیتر,
17320509,DIGIKALA-17320509,"ادو پرفیوم مردانه زوا مدل دیزایر بلو با رایحه خنک حجم 100 میلی لیتر",ادو-پرفیوم-مردانه-زوا-مدل-دیزایر-بلو-با-رایحه-خنک-حجم-100-میلی-لیتر-17320509,"ادو پرفیوم مردانه زوا مدل دیزایر بلو با رایحه خنک حجم 100 میلی لیتر؛ محصول موجود در دیجی‌کالا. پیش از انتشار، اطلاعات محصول و مجوز استفاده از محتوا را بررسی کنید.","خرید ادو پرفیوم مردانه زوا مدل دیزایر بلو با رایحه خنک حجم 100 میلی لیتر","عطر و ادکلن","دیجی‌کالا,عطر,ادکلن",23000000,9995000,draft,0,instock,10,no,no,,,,,,"https://dkstatics-public.digikala.com/digikala-products/f77b44a5ecc99930e3aac962c9fe8deb4931871e_1754237730.jpg?x-oss-process=image/resize,m_lfit,h_300,w_300/format,webp/quality,q_80",,,https://www.digikala.com/product/dkp-17320509/ادو-پرفیوم-مردانه-زوا-مدل-دیزایر-بلو-با-رایحه-خنک-حجم-100-میلی-لیتر,
20644322,DIGIKALA-20644322,"ادو پرفیوم مردانه کلپک مدل دانهیل دیزایر بلو با رایحه خنک حجم 100 میلی لیتر",ادو-پرفیوم-مردانه-کلپک-مدل-دانهیل-دیزایر-بلو-با-رایحه-خنک-حجم-100-میلی-لیتر-20644322,"ادو پرفیوم مردانه کلپک مدل دانهیل دیزایر بلو با رایحه خنک حجم 100 میلی لیتر؛ محصول موجود در دیجی‌کالا. پیش از انتشار، اطلاعات محصول و مجوز استفاده از محتوا را بررسی کنید.","خرید ادو پرفیوم مردانه کلپک مدل دانهیل دیزایر بلو با رایحه خنک حجم 100 میلی لیتر","عطر و ادکلن","دیجی‌کالا,عطر,ادکلن",18000000,9180000,draft,0,instock,10,no,no,,,,,,"https://dkstatics-public.digikala.com/digikala-products/4e23932b52cbd014cb22c7da100a0b1eeee76067_1760172705.jpg?x-oss-process=image/resize,m_lfit,h_300,w_300/format,webp/quality,q_80",,,https://www.digikala.com/product/dkp-20644322/ادو-پرفیوم-مردانه-کلپک-مدل-دانهیل-دیزایر-بلو-با-رایحه-خنک-حجم-100-میلی-لیتر,
21579102,DIGIKALA-21579102,"ادو تویلت مردانه لوکا بوسی مدل ساوج با رایحه خنک حجم 100 میلی لیتر",ادو-تویلت-مردانه-لوکا-بوسی-مدل-ساوج-با-رایحه-خنک-حجم-100-میلی-لیتر-21579102,"ادو تویلت مردانه لوکا بوسی مدل ساوج با رایحه خنک حجم 100 میلی لیتر؛ محصول موجود در دیجی‌کالا. پیش از انتشار، اطلاعات محصول و مجوز استفاده از محتوا را بررسی کنید.","خرید ادو تویلت مردانه لوکا بوسی مدل ساوج با رایحه خنک حجم 100 میلی لیتر","عطر و ادکلن","دیجی‌کالا,عطر,ادکلن",40000000,,draft,0,instock,10,no,no,,,,,,"https://dkstatics-public.digikala.com/digikala-products/c603ddf2881de9b1163d3e4c7992da9fecadf580_1773733244.jpg?x-oss-process=image/resize,m_lfit,h_300,w_300/format,webp/quality,q_80",,,https://www.digikala.com/product/dkp-21579102/ادو-تویلت-مردانه-لوکا-بوسی-مدل-ساوج-با-رایحه-خنک-حجم-100-میلی-لیتر,
22117400,DIGIKALA-22117400,"ادو پرفیوم مردانه دیوایز مدل Bleu de Chanel با رایحه خنک حجم 100 میلی لیتر",ادو-پرفیوم-مردانه-دیوایز-مدل-bleu-de-chanel-با-رایحه-خنک-حجم-100-میلی-لیتر-22117400,"ادو پرفیوم مردانه دیوایز مدل Bleu de Chanel با رایحه خنک حجم 100 میلی لیتر؛ محصول موجود در دیجی‌کالا. پیش از انتشار، اطلاعات محصول و مجوز استفاده از محتوا را بررسی کنید.","خرید ادو پرفیوم مردانه دیوایز مدل Bleu de Chanel با رایحه خنک حجم 100 میلی لیتر","عطر و ادکلن","دیجی‌کالا,عطر,ادکلن",32900000,18095000,draft,0,instock,10,no,no,,,,,,"https://dkstatics-public.digikala.com/digikala-products/b0c591adee03502c86279d7f4535e33762ad1a1b_1782726818.jpg?x-oss-process=image/resize,m_lfit,h_300,w_300/format,webp/quality,q_80",,,https://www.digikala.com/product/dkp-22117400/ادو-پرفیوم-مردانه-دیوایز-مدل-bleu-de-chanel-با-رایحه-خنک-حجم-100-میلی-لیتر,
10684857,DIGIKALA-10684857,"ادو پرفیوم مردانه شیخ مدل OPULENT حجم 100 میلی لیتر",ادو-پرفیوم-مردانه-شیخ-مدل-opulent-حجم-100-میلی-لیتر-10684857,"ادو پرفیوم مردانه شیخ مدل OPULENT حجم 100 میلی لیتر؛ محصول موجود در دیجی‌کالا. پیش از انتشار، اطلاعات محصول و مجوز استفاده از محتوا را بررسی کنید.","خرید ادو پرفیوم مردانه شیخ مدل OPULENT حجم 100 میلی لیتر","عطر و ادکلن","دیجی‌کالا,عطر,ادکلن",906549400,,draft,0,instock,10,no,no,,,,,,"https://dkstatics-public.digikala.com/digikala-products/a46a28138e3458dec0b17bbdd9b45737cb1fed74_1676460936.jpg?x-oss-process=image/resize,m_lfit,h_300,w_300/format,webp/quality,q_80",,,https://www.digikala.com/product/dkp-10684857/ادو-پرفیوم-مردانه-شیخ-مدل-opulent-حجم-100-میلی-لیتر,
21050095,DIGIKALA-21050095,"ادو پرفیوم مردانه دیوایز مدل اینوکتوس با رایحه خنک و تند حجم 100 میلی لیتر",ادو-پرفیوم-مردانه-دیوایز-مدل-اینوکتوس-با-رایحه-خنک-و-تند-حجم-100-میلی-لیتر-21050095,"ادو پرفیوم مردانه دیوایز مدل اینوکتوس با رایحه خنک و تند حجم 100 میلی لیتر؛ محصول موجود در دیجی‌کالا. پیش از انتشار، اطلاعات محصول و مجوز استفاده از محتوا را بررسی کنید.","خرید ادو پرفیوم مردانه دیوایز مدل اینوکتوس با رایحه خنک و تند حجم 100 میلی لیتر","عطر و ادکلن","دیجی‌کالا,عطر,ادکلن",38000000,24900000,draft,0,instock,10,no,no,,,,,,"https://dkstatics-public.digikala.com/digikala-products/ffa4992b201c3270561856aa61510c6b50c7e67e_1765179549.jpg?x-oss-process=image/resize,m_lfit,h_300,w_300/format,webp/quality,q_80",,,https://www.digikala.com/product/dkp-21050095/ادو-پرفیوم-مردانه-دیوایز-مدل-اینوکتوس-با-رایحه-خنک-و-تند-حجم-100-میلی-لیتر,
18305248,DIGIKALA-18305248,"ادوپرفیوم مردانه رودیر مدل DUNHILL BLUE با رایحه خنک حجم 100 میلی لیتر",ادوپرفیوم-مردانه-رودیر-مدل-dunhill-blue-با-رایحه-خنک-حجم-100-میلی-لیتر-18305248,"ادوپرفیوم مردانه رودیر مدل DUNHILL BLUE با رایحه خنک حجم 100 میلی لیتر؛ محصول موجود در دیجی‌کالا. پیش از انتشار، اطلاعات محصول و مجوز استفاده از محتوا را بررسی کنید.","خرید ادوپرفیوم مردانه رودیر مدل DUNHILL BLUE با رایحه خنک حجم 100 میلی لیتر","عطر و ادکلن","دیجی‌کالا,عطر,ادکلن",15563500,5361300,draft,0,instock,10,no,no,,,,,,"https://dkstatics-public.digikala.com/digikala-products/d73ee2eeb98261952f726dbc5bb504f2098ee281_1739351813.jpg?x-oss-process=image/resize,m_lfit,h_300,w_300/format,webp/quality,q_80",,,https://www.digikala.com/product/dkp-18305248/ادوپرفیوم-مردانه-رودیر-مدل-dunhill-blue-با-رایحه-خنک-حجم-100-میلی-لیتر,
19155660,DIGIKALA-19155660,"عطر جیبی مردانه پیرلند مدل بلو د شنل با رایحه تند و خنک حجم 30 میلی لیتر",عطر-جیبی-مردانه-پیرلند-مدل-بلو-د-شنل-با-رایحه-تند-و-خنک-حجم-30-میلی-لیتر-19155660,"عطر جیبی مردانه پیرلند مدل بلو د شنل با رایحه تند و خنک حجم 30 میلی لیتر؛ محصول موجود در دیجی‌کالا. پیش از انتشار، اطلاعات محصول و مجوز استفاده از محتوا را بررسی کنید.","خرید عطر جیبی مردانه پیرلند مدل بلو د شنل با رایحه تند و خنک حجم 30 میلی لیتر","عطر و ادکلن","دیجی‌کالا,عطر,ادکلن",2543400,1606100,draft,0,instock,10,no,no,,,,,,"https://dkstatics-public.digikala.com/digikala-products/36007886512cb76e92880e5643cbb1374c6c7aed_1786372465.jpg?x-oss-process=image/resize,m_lfit,h_300,w_300/format,webp/quality,q_80",,,https://www.digikala.com/product/dkp-19155660/عطر-جیبی-مردانه-پیرلند-مدل-بلو-د-شنل-با-رایحه-تند-و-خنک-حجم-30-میلی-لیتر,
18604481,DIGIKALA-18604481,"ادو پرفیوم مردانه هارلینگن مدل ساواج دیور با رایحه معتدل حجم 30 میلی لیتر",ادو-پرفیوم-مردانه-هارلینگن-مدل-ساواج-دیور-با-رایحه-معتدل-حجم-30-میلی-لیتر-18604481,"ادو پرفیوم مردانه هارلینگن مدل ساواج دیور با رایحه معتدل حجم 30 میلی لیتر؛ محصول موجود در دیجی‌کالا. پیش از انتشار، اطلاعات محصول و مجوز استفاده از محتوا را بررسی کنید.","خرید ادو پرفیوم مردانه هارلینگن مدل ساواج دیور با رایحه معتدل حجم 30 میلی لیتر","عطر و ادکلن","دیجی‌کالا,عطر,ادکلن",16000000,5190000,draft,0,instock,10,no,no,,,,,,"https://dkstatics-public.digikala.com/digikala-products/025e4e8fcc43c08248d7f85a7f56b57981a1fd35_1754240974.jpg?x-oss-process=image/resize,m_lfit,h_300,w_300/format,webp/quality,q_80",,,https://www.digikala.com/product/dkp-18604481/ادو-پرفیوم-مردانه-هارلینگن-مدل-ساواج-دیور-با-رایحه-معتدل-حجم-30-میلی-لیتر,
12680872,DIGIKALA-12680872,"ادو پرفیوم مردانه نیفتی مدل اینوکتوس حجم 100 میلی لیتر",ادو-پرفیوم-مردانه-نیفتی-مدل-اینوکتوس-حجم-100-میلی-لیتر-12680872,"ادو پرفیوم مردانه نیفتی مدل اینوکتوس حجم 100 میلی لیتر؛ محصول موجود در دیجی‌کالا. پیش از انتشار، اطلاعات محصول و مجوز استفاده از محتوا را بررسی کنید.","خرید ادو پرفیوم مردانه نیفتی مدل اینوکتوس حجم 100 میلی لیتر","عطر و ادکلن","دیجی‌کالا,عطر,ادکلن",17000000,8930000,draft,0,instock,10,no,no,,,,,,"https://dkstatics-public.digikala.com/digikala-products/9089f99ee0cde606be18a4c59fc0789ae163f903_1739868694.jpg?x-oss-process=image/resize,m_lfit,h_300,w_300/format,webp/quality,q_80",,,https://www.digikala.com/product/dkp-12680872/ادو-پرفیوم-مردانه-نیفتی-مدل-اینوکتوس-حجم-100-میلی-لیتر,
13503882,DIGIKALA-13503882,"ادو پرفیوم مردانه هالتان مدل د مارلی با رایحه گرم و شیرین حجم 125 میلی لیتر",ادو-پرفیوم-مردانه-هالتان-مدل-د-مارلی-با-رایحه-گرم-و-شیرین-حجم-125-میلی-لیتر-13503882,"ادو پرفیوم مردانه هالتان مدل د مارلی با رایحه گرم و شیرین حجم 125 میلی لیتر؛ محصول موجود در دیجی‌کالا. پیش از انتشار، اطلاعات محصول و مجوز استفاده از محتوا را بررسی کنید.","خرید ادو پرفیوم مردانه هالتان مدل د مارلی با رایحه گرم و شیرین حجم 125 میلی لیتر","عطر و ادکلن","دیجی‌کالا,عطر,ادکلن",15541800,,draft,0,instock,10,no,no,,,,,,"https://dkstatics-public.digikala.com/digikala-products/5da457c0ba71e0d04b5f9dbf2b462caa8a60b114_1754251910.jpg?x-oss-process=image/resize,m_lfit,h_300,w_300/format,webp/quality,q_80",,,https://www.digikala.com/product/dkp-13503882/ادو-پرفیوم-مردانه-هالتان-مدل-د-مارلی-با-رایحه-گرم-و-شیرین-حجم-125-میلی-لیتر,
55392,DIGIKALA-55392,"ادو تویلت مردانه داویدف مدل Cool Water حجم 125 میلی لیتر",ادو-تویلت-مردانه-داویدف-مدل-cool-water-حجم-125-میلی-لیتر-55392,"ادو تویلت مردانه داویدف مدل Cool Water حجم 125 میلی لیتر؛ محصول موجود در دیجی‌کالا. پیش از انتشار، اطلاعات محصول و مجوز استفاده از محتوا را بررسی کنید.","خرید ادو تویلت مردانه داویدف مدل Cool Water حجم 125 میلی لیتر","عطر و ادکلن","دیجی‌کالا,عطر,ادکلن",54889800,,draft,0,instock,10,no,no,,,,,,"https://dkstatics-public.digikala.com/digikala-products/bd417cac0092d2fd851b39d113740eed07176e34_1753618584.jpg?x-oss-process=image/resize,m_lfit,h_300,w_300/format,webp/quality,q_80",,,https://www.digikala.com/product/dkp-55392/ادو-تویلت-مردانه-داویدف-مدل-cool-water-حجم-125-میلی-لیتر,
20537019,DIGIKALA-20537019,"ادو پرفیوم مردانه لالیکو مدل بلو شنل با رایحه خنک حجم 50 میلی لیتر",ادو-پرفیوم-مردانه-لالیکو-مدل-بلو-شنل-با-رایحه-خنک-حجم-50-میلی-لیتر-20537019,"ادو پرفیوم مردانه لالیکو مدل بلو شنل با رایحه خنک حجم 50 میلی لیتر؛ محصول موجود در دیجی‌کالا. پیش از انتشار، اطلاعات محصول و مجوز استفاده از محتوا را بررسی کنید.","خرید ادو پرفیوم مردانه لالیکو مدل بلو شنل با رایحه خنک حجم 50 میلی لیتر","عطر و ادکلن","دیجی‌کالا,عطر,ادکلن",12000000,,draft,0,instock,10,no,no,,,,,,"https://dkstatics-public.digikala.com/digikala-products/11995b80247dbee214901e60e3e1fc13572cafc1_1758904913.jpg?x-oss-process=image/resize,m_lfit,h_300,w_300/format,webp/quality,q_80",,,https://www.digikala.com/product/dkp-20537019/ادو-پرفیوم-مردانه-لالیکو-مدل-بلو-شنل-با-رایحه-خنک-حجم-50-میلی-لیتر,
18450221,DIGIKALA-18450221,"ادو پرفیوم مردانه هارلینگن مدل بلوشنل با رایحه خنک حجم 30 میلی لیتر",ادو-پرفیوم-مردانه-هارلینگن-مدل-بلوشنل-با-رایحه-خنک-حجم-30-میلی-لیتر-18450221,"ادو پرفیوم مردانه هارلینگن مدل بلوشنل با رایحه خنک حجم 30 میلی لیتر؛ محصول موجود در دیجی‌کالا. پیش از انتشار، اطلاعات محصول و مجوز استفاده از محتوا را بررسی کنید.","خرید ادو پرفیوم مردانه هارلینگن مدل بلوشنل با رایحه خنک حجم 30 میلی لیتر","عطر و ادکلن","دیجی‌کالا,عطر,ادکلن",15000000,4970000,draft,0,instock,10,no,no,,,,,,"https://dkstatics-public.digikala.com/digikala-products/85005ec1c8184f05efe269a7ebf8ca932231a03a_1755772055.jpg?x-oss-process=image/resize,m_lfit,h_300,w_300/format,webp/quality,q_80",,,https://www.digikala.com/product/dkp-18450221/ادو-پرفیوم-مردانه-هارلینگن-مدل-بلوشنل-با-رایحه-خنک-حجم-30-میلی-لیتر,
16131785,DIGIKALA-16131785,"ادو پرفیوم مردانه ایفوریا مدل اینوکتوس پاکو رابان با رایحه خنک و تند حجم 100 میلی لیتر",ادو-پرفیوم-مردانه-ایفوریا-مدل-اینوکتوس-پاکو-رابان-با-رایحه-خنک-و-تند-حجم-100-میلی-لیتر-16131785,"ادو پرفیوم مردانه ایفوریا مدل اینوکتوس پاکو رابان با رایحه خنک و تند حجم 100 میلی لیتر؛ محصول موجود در دیجی‌کالا. پیش از انتشار، اطلاعات محصول و مجوز استفاده از محتوا را بررسی کنید.","خرید ادو پرفیوم مردانه ایفوریا مدل اینوکتوس پاکو رابان با رایحه خنک و تند حجم 100 میلی لیتر","عطر و ادکلن","دیجی‌کالا,عطر,ادکلن",25500000,23000000,draft,0,instock,10,no,no,,,,,,"https://dkstatics-public.digikala.com/digikala-products/14dc76d99da8d4b6c149e1ef3d1e8ebc4bf720b7_1721558819.jpg?x-oss-process=image/resize,m_lfit,h_300,w_300/format,webp/quality,q_80",,,https://www.digikala.com/product/dkp-16131785/ادو-پرفیوم-مردانه-ایفوریا-مدل-اینوکتوس-پاکو-رابان-حجم-100-میلی-لیتر,
15953959,DIGIKALA-15953959,"ادو پرفیوم مردانه نوو اکسپرس مدل Creed Aventus با رایحه خنک و تلخ حجم 50 میلی لیتر",ادو-پرفیوم-مردانه-نوو-اکسپرس-مدل-creed-aventus-با-رایحه-خنک-و-تلخ-حجم-50-میلی-لیتر-15953959,"ادو پرفیوم مردانه نوو اکسپرس مدل Creed Aventus با رایحه خنک و تلخ حجم 50 میلی لیتر؛ محصول موجود در دیجی‌کالا. پیش از انتشار، اطلاعات محصول و مجوز استفاده از محتوا را بررسی کنید.","خرید ادو پرفیوم مردانه نوو اکسپرس مدل Creed Aventus با رایحه خنک و تلخ حجم 50 میلی لیتر","عطر و ادکلن","دیجی‌کالا,عطر,ادکلن",15500000,9200000,draft,0,instock,10,no,no,,,,,,"https://dkstatics-public.digikala.com/digikala-products/5da6953e9bf94bf6f6f64c5f1f5dd88d9aa9387d_1754235385.jpg?x-oss-process=image/resize,m_lfit,h_300,w_300/format,webp/quality,q_80",,,https://www.digikala.com/product/dkp-15953959/ادو-پرفیوم-مردانه-نوو-اکسپرس-مدل-creed-aventus-با-رایحه-خنک-و-تلخ-حجم-50-میلی-لیتر,
19316567,DIGIKALA-19316567,"ادو پرفیوم مردانه گرموشا مدل اپن با رایحه گرم و تند حجم 100 میلی لیتر",ادو-پرفیوم-مردانه-گرموشا-مدل-اپن-با-رایحه-گرم-و-تند-حجم-100-میلی-لیتر-19316567,"ادو پرفیوم مردانه گرموشا مدل اپن با رایحه گرم و تند حجم 100 میلی لیتر؛ محصول موجود در دیجی‌کالا. پیش از انتشار، اطلاعات محصول و مجوز استفاده از محتوا را بررسی کنید.","خرید ادو پرفیوم مردانه گرموشا مدل اپن با رایحه گرم و تند حجم 100 میلی لیتر","عطر و ادکلن","دیجی‌کالا,عطر,ادکلن",15700000,,draft,0,instock,10,no,no,,,,,,"https://dkstatics-public.digikala.com/digikala-products/896e7c522b1b97bd9663ae0b5ec2f8938109f47b_1749651609.jpg?x-oss-process=image/resize,m_lfit,h_300,w_300/format,webp/quality,q_80",,,https://www.digikala.com/product/dkp-19316567/ادو-پرفیوم-مردانه-گرموشا-مدل-اپن-با-رایحه-گرم-و-تند-حجم-100-میلی-لیتر,
13503503,DIGIKALA-13503503,"ادو پرفیوم مردانه انجلز شیر مدل کیلیان با رایحه گرم حجم 50 میلی لیتر",ادو-پرفیوم-مردانه-انجلز-شیر-مدل-کیلیان-با-رایحه-گرم-حجم-50-میلی-لیتر-13503503,"ادو پرفیوم مردانه انجلز شیر مدل کیلیان با رایحه گرم حجم 50 میلی لیتر؛ محصول موجود در دیجی‌کالا. پیش از انتشار، اطلاعات محصول و مجوز استفاده از محتوا را بررسی کنید.","خرید ادو پرفیوم مردانه انجلز شیر مدل کیلیان با رایحه گرم حجم 50 میلی لیتر","عطر و ادکلن","دیجی‌کالا,عطر,ادکلن",19763500,,draft,0,instock,10,no,no,,,,,,"https://dkstatics-public.digikala.com/digikala-products/7ea199142c6f25a55f78100570c0eabab6b80ebd_1755788376.jpg?x-oss-process=image/resize,m_lfit,h_300,w_300/format,webp/quality,q_80",,,https://www.digikala.com/product/dkp-13503503/ادو-پرفیوم-مردانه-انجلز-شیر-مدل-کیلیان-با-رایحه-گرم-حجم-50-میلی-لیتر,
21314206,DIGIKALA-21314206,"ادو پرفیوم مردانه جسیکاتواین مدل بلو شنل با رایحه خنک حجم ۱۰۰ میلی لیتر",ادو-پرفیوم-مردانه-جسیکاتواین-مدل-بلو-شنل-با-رایحه-خنک-حجم-۱۰۰-میلی-لیتر-21314206,"ادو پرفیوم مردانه جسیکاتواین مدل بلو شنل با رایحه خنک حجم ۱۰۰ میلی لیتر؛ محصول موجود در دیجی‌کالا. پیش از انتشار، اطلاعات محصول و مجوز استفاده از محتوا را بررسی کنید.","خرید ادو پرفیوم مردانه جسیکاتواین مدل بلو شنل با رایحه خنک حجم ۱۰۰ میلی لیتر","عطر و ادکلن","دیجی‌کالا,عطر,ادکلن",21000000,,draft,0,instock,10,no,no,,,,,,"https://dkstatics-public.digikala.com/digikala-products/33d6f9eb060c79b292cd946cc8c6ef3c43eadd35_1769284414.jpg?x-oss-process=image/resize,m_lfit,h_300,w_300/format,webp/quality,q_80",,,https://www.digikala.com/product/dkp-21314206/ادو-پرفیوم-مردانه-جسیکاتواین-مدل-بلو-شنل-با-رایحه-خنک-حجم-۱۰۰-میلی-لیتر,
20836957,DIGIKALA-20836957,"ادوپرفیوم مردانه ژاورو مدل اونتوس با رایحه خنک حجم 50 میلی لیتر",ادوپرفیوم-مردانه-ژاورو-مدل-اونتوس-با-رایحه-خنک-حجم-50-میلی-لیتر-20836957,"ادوپرفیوم مردانه ژاورو مدل اونتوس با رایحه خنک حجم 50 میلی لیتر؛ محصول موجود در دیجی‌کالا. پیش از انتشار، اطلاعات محصول و مجوز استفاده از محتوا را بررسی کنید.","خرید ادوپرفیوم مردانه ژاورو مدل اونتوس با رایحه خنک حجم 50 میلی لیتر","عطر و ادکلن","دیجی‌کالا,عطر,ادکلن",17000000,7490000,draft,0,instock,10,no,no,,,,,,"https://dkstatics-public.digikala.com/digikala-products/51b543ff20069f614620ec016a170daed39a01a2_1762419520.jpg?x-oss-process=image/resize,m_lfit,h_300,w_300/format,webp/quality,q_80",,,https://www.digikala.com/product/dkp-20836957/ادوپرفیوم-مردانه-ژاورو-مدل-اونتوس-با-رایحه-خنک-حجم-50-میلی-لیتر,
20162005,DIGIKALA-20162005,"ادو پرفیوم مردانه نیفتی مدل مولکول 02 با رایحه معتدل حجم 50 میلی لیتر",ادو-پرفیوم-مردانه-نیفتی-مدل-مولکول-02-با-رایحه-معتدل-حجم-50-میلی-لیتر-20162005,"ادو پرفیوم مردانه نیفتی مدل مولکول 02 با رایحه معتدل حجم 50 میلی لیتر؛ محصول موجود در دیجی‌کالا. پیش از انتشار، اطلاعات محصول و مجوز استفاده از محتوا را بررسی کنید.","خرید ادو پرفیوم مردانه نیفتی مدل مولکول 02 با رایحه معتدل حجم 50 میلی لیتر","عطر و ادکلن","دیجی‌کالا,عطر,ادکلن",12000000,6430000,draft,0,instock,10,no,no,,,,,,"https://dkstatics-public.digikala.com/digikala-products/fefc819b9381e327a124944d0deaecb2dc1583da_1755196150.jpg?x-oss-process=image/resize,m_lfit,h_300,w_300/format,webp/quality,q_80",,,https://www.digikala.com/product/dkp-20162005/ادو-پرفیوم-مردانه-نیفتی-مدل-مولکول-02-با-رایحه-معتدل-حجم-50-میلی-لیتر,
19209515,DIGIKALA-19209515,"ادو پرفیوم مردانه تام دارین مدل ساواج با رایحه خنک حجم 100 میلی لیتر",ادو-پرفیوم-مردانه-تام-دارین-مدل-ساواج-با-رایحه-خنک-حجم-100-میلی-لیتر-19209515,"ادو پرفیوم مردانه تام دارین مدل ساواج با رایحه خنک حجم 100 میلی لیتر؛ محصول موجود در دیجی‌کالا. پیش از انتشار، اطلاعات محصول و مجوز استفاده از محتوا را بررسی کنید.","خرید ادو پرفیوم مردانه تام دارین مدل ساواج با رایحه خنک حجم 100 میلی لیتر","عطر و ادکلن","دیجی‌کالا,عطر,ادکلن",13500000,,draft,0,instock,10,no,no,,,,,,"https://dkstatics-public.digikala.com/digikala-products/0aadb1a1a72ddfa7500a62d6355a1e6d90e33365_1746935578.jpg?x-oss-process=image/resize,m_lfit,h_300,w_300/format,webp/quality,q_80",,,https://www.digikala.com/product/dkp-19209515/ادو-پرفیوم-مردانه-تام-دارین-مدل-ساواج-با-رایحه-خنک-حجم-100-میلی-لیتر,
20845382,DIGIKALA-20845382,"عطر جیبی زوا مدل اینوکتوس  CH دانهیل با رایحه معتدل حجم 40 میلی‌لیتر مجموعه 3 عددی",عطر-جیبی-زوا-مدل-اینوکتوس-ch-دانهیل-با-رایحه-معتدل-حجم-40-میلی-لیتر-مجموعه-3-عددی-20845382,"عطر جیبی زوا مدل اینوکتوس  CH دانهیل با رایحه معتدل حجم 40 میلی‌لیتر مجموعه 3 عددی؛ محصول موجود در دیجی‌کالا. پیش از انتشار، اطلاعات محصول و مجوز استفاده از محتوا را بررسی کنید.","خرید عطر جیبی زوا مدل اینوکتوس  CH دانهیل با رایحه معتدل حجم 40 میلی‌لیتر مجموعه 3 عددی","عطر و ادکلن","دیجی‌کالا,عطر,ادکلن",9000000,7830000,draft,0,instock,10,no,no,,,,,,"https://dkstatics-public.digikala.com/digikala-products/f2b81825819d4db183cba4069efb9861be9287eb_1762551162.jpg?x-oss-process=image/resize,m_lfit,h_300,w_300/format,webp/quality,q_80",,,https://www.digikala.com/product/dkp-20845382/عطر-جیبی-زوا-مدل-اینوکتوس-ch-دانهیل-با-رایحه-معتدل-حجم-40-میلیلیتر-مجموعه-3-عددی,
21601444,DIGIKALA-21601444,"ادو پرفیوم مردانه زدفون مدل مگاماره اورتو پاریسی با رایحه خنک حجم 70 میلی لیتر",ادو-پرفیوم-مردانه-زدفون-مدل-مگاماره-اورتو-پاریسی-با-رایحه-خنک-حجم-70-میلی-لیتر-21601444,"ادو پرفیوم مردانه زدفون مدل مگاماره اورتو پاریسی با رایحه خنک حجم 70 میلی لیتر؛ محصول موجود در دیجی‌کالا. پیش از انتشار، اطلاعات محصول و مجوز استفاده از محتوا را بررسی کنید.","خرید ادو پرفیوم مردانه زدفون مدل مگاماره اورتو پاریسی با رایحه خنک حجم 70 میلی لیتر","عطر و ادکلن","دیجی‌کالا,عطر,ادکلن",27500000,,draft,0,instock,10,no,no,,,,,,"https://dkstatics-public.digikala.com/digikala-products/a12541f79d90c748efe53785e789380443e6c24e_1774544794.jpg?x-oss-process=image/resize,m_lfit,h_300,w_300/format,webp/quality,q_80",,,https://www.digikala.com/product/dkp-21601444/ادو-پرفیوم-مردانه-زدفون-مدل-مگاماره-اورتو-پاریسی-با-رایحه-خنک-حجم-70-میلی-لیتر,
454226,DIGIKALA-454226,"ادوتویلت مردانه کریشن لامیس مدل Pure Black با رایحه تند حجم 100 میلی لیتر",ادوتویلت-مردانه-کریشن-لامیس-مدل-pure-black-با-رایحه-تند-حجم-100-میلی-لیتر-454226,"ادوتویلت مردانه کریشن لامیس مدل Pure Black با رایحه تند حجم 100 میلی لیتر؛ محصول موجود در دیجی‌کالا. پیش از انتشار، اطلاعات محصول و مجوز استفاده از محتوا را بررسی کنید.","خرید ادوتویلت مردانه کریشن لامیس مدل Pure Black با رایحه تند حجم 100 میلی لیتر","عطر و ادکلن","دیجی‌کالا,عطر,ادکلن",13775300,12563500,draft,0,instock,10,no,no,,,,,,"https://dkstatics-public.digikala.com/digikala-products/8139fa1cb3ab082f2fb83b85ec662d5423f9ea93_1753698495.jpg?x-oss-process=image/resize,m_lfit,h_300,w_300/format,webp/quality,q_80",,,https://www.digikala.com/product/dkp-454226/ادوتویلت-مردانه-کریشن-لامیس-مدل-pure-black-حجم-100-میلی-لیتر,
10811012,DIGIKALA-10811012,"ادو پرفیوم مردانه نیفتی مدل ساواج دیور با رایحه تلخ و خنک حجم 30 میلی لیتر",ادو-پرفیوم-مردانه-نیفتی-مدل-ساواج-دیور-با-رایحه-تلخ-و-خنک-حجم-30-میلی-لیتر-10811012,"ادو پرفیوم مردانه نیفتی مدل ساواج دیور با رایحه تلخ و خنک حجم 30 میلی لیتر؛ محصول موجود در دیجی‌کالا. پیش از انتشار، اطلاعات محصول و مجوز استفاده از محتوا را بررسی کنید.","خرید ادو پرفیوم مردانه نیفتی مدل ساواج دیور با رایحه تلخ و خنک حجم 30 میلی لیتر","عطر و ادکلن","دیجی‌کالا,عطر,ادکلن",7900000,6470000,draft,0,instock,10,no,no,,,,,,"https://dkstatics-public.digikala.com/digikala-products/9e7073b593be83208aa9682d885f59743253eef8_1755771084.jpg?x-oss-process=image/resize,m_lfit,h_300,w_300/format,webp/quality,q_80",,,https://www.digikala.com/product/dkp-10811012/ادو-پرفیوم-مردانه-نیفتی-مدل-ساواج-دیور-با-رایحه-تلخ-و-خنک-حجم-30-میلی-لیتر,
21156573,DIGIKALA-21156573,"ادو پرفیوم مردانه افنان مدل ناین پی ام با رایحه گرم حجم ۱۰۰ میلی لیتر",ادو-پرفیوم-مردانه-افنان-مدل-ناین-پی-ام-با-رایحه-گرم-حجم-۱۰۰-میلی-لیتر-21156573,"ادو پرفیوم مردانه افنان مدل ناین پی ام با رایحه گرم حجم ۱۰۰ میلی لیتر؛ محصول موجود در دیجی‌کالا. پیش از انتشار، اطلاعات محصول و مجوز استفاده از محتوا را بررسی کنید.","خرید ادو پرفیوم مردانه افنان مدل ناین پی ام با رایحه گرم حجم ۱۰۰ میلی لیتر","عطر و ادکلن","دیجی‌کالا,عطر,ادکلن",29800000,,draft,0,instock,10,no,no,,,,,,"https://dkstatics-public.digikala.com/digikala-products/3c3f17bc4986369a645237ab6ba08a4ad989357d_1766647023.jpg?x-oss-process=image/resize,m_lfit,h_300,w_300/format,webp/quality,q_80",,,https://www.digikala.com/product/dkp-21156573/ادو-پرفیوم-مردانه-افنان-مدل-ناین-پی-ام-با-رایحه-گرم-حجم-۱۰۰-میلی-لیتر,
19565624,DIGIKALA-19565624,"ادو پرفیوم مردانه کلپک مدل بلو شنل با رایحه خنک حجم 50 میلی لیتر",ادو-پرفیوم-مردانه-کلپک-مدل-بلو-شنل-با-رایحه-خنک-حجم-50-میلی-لیتر-19565624,"ادو پرفیوم مردانه کلپک مدل بلو شنل با رایحه خنک حجم 50 میلی لیتر؛ محصول موجود در دیجی‌کالا. پیش از انتشار، اطلاعات محصول و مجوز استفاده از محتوا را بررسی کنید.","خرید ادو پرفیوم مردانه کلپک مدل بلو شنل با رایحه خنک حجم 50 میلی لیتر","عطر و ادکلن","دیجی‌کالا,عطر,ادکلن",14000000,6720000,draft,0,instock,10,no,no,,,,,,"https://dkstatics-public.digikala.com/digikala-products/b43ef6e3ea0062fa18a5af39ab29463cf00a5fff_1750018419.jpg?x-oss-process=image/resize,m_lfit,h_300,w_300/format,webp/quality,q_80",,,https://www.digikala.com/product/dkp-19565624/ادو-پرفیوم-مردانه-کلپک-مدل-بلو-شنل-با-رایحه-خنک-حجم-50-میلی-لیتر,
7376609,DIGIKALA-7376609,"ادو پرفیوم مردانه نایس پاپت مدل ورساچه اروس حجم 100 میلی لیتر",ادو-پرفیوم-مردانه-نایس-پاپت-مدل-ورساچه-اروس-حجم-100-میلی-لیتر-7376609,"ادو پرفیوم مردانه نایس پاپت مدل ورساچه اروس حجم 100 میلی لیتر؛ محصول موجود در دیجی‌کالا. پیش از انتشار، اطلاعات محصول و مجوز استفاده از محتوا را بررسی کنید.","خرید ادو پرفیوم مردانه نایس پاپت مدل ورساچه اروس حجم 100 میلی لیتر","عطر و ادکلن","دیجی‌کالا,عطر,ادکلن",18362000,10657100,draft,0,instock,10,no,no,,,,,,"https://dkstatics-public.digikala.com/digikala-products/c09ff8fd1dd72d380b79b1e7bb80cf294c547c31_1754246963.jpg?x-oss-process=image/resize,m_lfit,h_300,w_300/format,webp/quality,q_80",,,https://www.digikala.com/product/dkp-7376609/ادو-پرفیوم-مردانه-نایس-پاپت-مدل-ورساچه-اروس-حجم-100-میلی-لیتر,
640555,DIGIKALA-640555,"ادو تویلت مردانه آرماف مدل Club De Nuit Intense Man حجم 105 میل لیتر",ادو-تویلت-مردانه-آرماف-مدل-club-de-nuit-intense-man-حجم-105-میل-لیتر-640555,"ادو تویلت مردانه آرماف مدل Club De Nuit Intense Man حجم 105 میل لیتر؛ محصول موجود در دیجی‌کالا. پیش از انتشار، اطلاعات محصول و مجوز استفاده از محتوا را بررسی کنید.","خرید ادو تویلت مردانه آرماف مدل Club De Nuit Intense Man حجم 105 میل لیتر","عطر و ادکلن","دیجی‌کالا,عطر,ادکلن",57051200,,draft,0,instock,10,no,no,,,,,,"https://dkstatics-public.digikala.com/digikala-products/e2119224268ba4242693d04ac61621fa6ad44d2a_1754485369.jpg?x-oss-process=image/resize,m_lfit,h_300,w_300/format,webp/quality,q_80",,,https://www.digikala.com/product/dkp-640555/ادو-تویلت-مردانه-آرماف-مدل-club-de-nuit-intense-man-حجم-105-میل-لیتر,
7500784,DIGIKALA-7500784,"ادو پرفیوم مردانه اسکلاره مدل Dunhill Desire حجم 100 میلی لیتر",ادو-پرفیوم-مردانه-اسکلاره-مدل-dunhill-desire-حجم-100-میلی-لیتر-7500784,"ادو پرفیوم مردانه اسکلاره مدل Dunhill Desire حجم 100 میلی لیتر؛ محصول موجود در دیجی‌کالا. پیش از انتشار، اطلاعات محصول و مجوز استفاده از محتوا را بررسی کنید.","خرید ادو پرفیوم مردانه اسکلاره مدل Dunhill Desire حجم 100 میلی لیتر","عطر و ادکلن","دیجی‌کالا,عطر,ادکلن",18362000,10609700,draft,0,instock,10,no,no,,,,,,"https://dkstatics-public.digikala.com/digikala-products/306cb622778e8961fbd7dac13d7fd8f2e327628d_1754247152.jpg?x-oss-process=image/resize,m_lfit,h_300,w_300/format,webp/quality,q_80",,,https://www.digikala.com/product/dkp-7500784/ادو-پرفیوم-مردانه-اسکلاره-مدل-dunhill-desire-حجم-100-میلی-لیتر,
337564,DIGIKALA-337564,"ادو پرفیوم مردانه کرید مدل Aventus حجم 100 میلی لیتر",ادو-پرفیوم-مردانه-کرید-مدل-aventus-حجم-100-میلی-لیتر-337564,"ادو پرفیوم مردانه کرید مدل Aventus حجم 100 میلی لیتر؛ محصول موجود در دیجی‌کالا. پیش از انتشار، اطلاعات محصول و مجوز استفاده از محتوا را بررسی کنید.","خرید ادو پرفیوم مردانه کرید مدل Aventus حجم 100 میلی لیتر","عطر و ادکلن","دیجی‌کالا,عطر,ادکلن",686234900,,draft,0,instock,10,no,no,,,,,,"https://dkstatics-public.digikala.com/digikala-products/d6f435ae69853ea04d4cde7258ccf6cf307f072c_1753699129.jpg?x-oss-process=image/resize,m_lfit,h_300,w_300/format,webp/quality,q_80",,,https://www.digikala.com/product/dkp-337564/ادو-پرفیوم-مردانه-کرید-مدل-aventus-حجم-100-میلی-لیتر,
20104471,DIGIKALA-20104471,"ادو پرفیوم مردانه لالیکو مدل دیور هوم اینتنس با رایحه گرم حجم 50 میلی لیتر",ادو-پرفیوم-مردانه-لالیکو-مدل-دیور-هوم-اینتنس-با-رایحه-گرم-حجم-50-میلی-لیتر-20104471,"ادو پرفیوم مردانه لالیکو مدل دیور هوم اینتنس با رایحه گرم حجم 50 میلی لیتر؛ محصول موجود در دیجی‌کالا. پیش از انتشار، اطلاعات محصول و مجوز استفاده از محتوا را بررسی کنید.","خرید ادو پرفیوم مردانه لالیکو مدل دیور هوم اینتنس با رایحه گرم حجم 50 میلی لیتر","عطر و ادکلن","دیجی‌کالا,عطر,ادکلن",12000000,5495000,draft,0,instock,10,no,no,,,,,,"https://dkstatics-public.digikala.com/digikala-products/19bf0cda5920850dd19903e7ca4e71788b6c99b7_1754764610.jpg?x-oss-process=image/resize,m_lfit,h_300,w_300/format,webp/quality,q_80",,,https://www.digikala.com/product/dkp-20104471/ادو-پرفیوم-مردانه-لالیکو-مدل-دیور-هوم-اینتنس-با-رایحه-گرم-حجم-50-میلی-لیتر,
20758959,DIGIKALA-20758959,"ادو پرفیوم مردانه ژاورو مدل کول واتر با رایحه خنک حجم 100 میلی لیتر",ادو-پرفیوم-مردانه-ژاورو-مدل-کول-واتر-با-رایحه-خنک-حجم-100-میلی-لیتر-20758959,"ادو پرفیوم مردانه ژاورو مدل کول واتر با رایحه خنک حجم 100 میلی لیتر؛ محصول موجود در دیجی‌کالا. پیش از انتشار، اطلاعات محصول و مجوز استفاده از محتوا را بررسی کنید.","خرید ادو پرفیوم مردانه ژاورو مدل کول واتر با رایحه خنک حجم 100 میلی لیتر","عطر و ادکلن","دیجی‌کالا,عطر,ادکلن",23000000,11495000,draft,0,instock,10,no,no,,,,,,"https://dkstatics-public.digikala.com/digikala-products/d1c220de0672e79acbadd352d81b451de268c354_1761399713.jpg?x-oss-process=image/resize,m_lfit,h_300,w_300/format,webp/quality,q_80",,,https://www.digikala.com/product/dkp-20758959/ادو-پرفیوم-مردانه-ژاورو-مدل-کول-واتر-با-رایحه-خنک-حجم-100-میلی-لیتر,
22028262,DIGIKALA-22028262,"ادو پرفیوم مردانه هارلینگن مدل Blue De Chanel با رایحه خنک حجم 35 میلی لیتر",ادو-پرفیوم-مردانه-هارلینگن-مدل-blue-de-chanel-با-رایحه-خنک-حجم-35-میلی-لیتر-22028262,"ادو پرفیوم مردانه هارلینگن مدل Blue De Chanel با رایحه خنک حجم 35 میلی لیتر؛ محصول موجود در دیجی‌کالا. پیش از انتشار، اطلاعات محصول و مجوز استفاده از محتوا را بررسی کنید.","خرید ادو پرفیوم مردانه هارلینگن مدل Blue De Chanel با رایحه خنک حجم 35 میلی لیتر","عطر و ادکلن","دیجی‌کالا,عطر,ادکلن",7500000,3990000,draft,0,instock,10,no,no,,,,,,"https://dkstatics-public.digikala.com/digikala-products/c8dce8dfa9260ca15c6e754fb1777ba74836b48c_1781538136.jpg?x-oss-process=image/resize,m_lfit,h_300,w_300/format,webp/quality,q_80",,,https://www.digikala.com/product/dkp-22028262/ادو-پرفیوم-مردانه-هارلینگن-مدل-blue-de-chanel-با-رایحه-خنک-حجم-35-میلی-لیتر,
8344429,DIGIKALA-8344429,"ادو پرفیوم مردانه نیفتی مدل ساواج دیور حجم 60 میلی لیتر",ادو-پرفیوم-مردانه-نیفتی-مدل-ساواج-دیور-حجم-60-میلی-لیتر-8344429,"ادو پرفیوم مردانه نیفتی مدل ساواج دیور حجم 60 میلی لیتر؛ محصول موجود در دیجی‌کالا. پیش از انتشار، اطلاعات محصول و مجوز استفاده از محتوا را بررسی کنید.","خرید ادو پرفیوم مردانه نیفتی مدل ساواج دیور حجم 60 میلی لیتر","عطر و ادکلن","دیجی‌کالا,عطر,ادکلن",19000000,7790000,draft,0,instock,10,no,no,,,,,,"https://dkstatics-public.digikala.com/digikala-products/5af22867adef60b71d60f87c3f62e2d006131f17_1754247944.jpg?x-oss-process=image/resize,m_lfit,h_300,w_300/format,webp/quality,q_80",,,https://www.digikala.com/product/dkp-8344429/ادو-پرفیوم-مردانه-نیفتی-مدل-ساواج-دیور-حجم-60-میلی-لیتر,
18692911,DIGIKALA-18692911,"ادو پرفیوم مردانه لالیکو مدل ساواج دیور با رایحه خنک حجم 100 میلی لیتر",ادو-پرفیوم-مردانه-لالیکو-مدل-ساواج-دیور-با-رایحه-خنک-حجم-100-میلی-لیتر-18692911,"ادو پرفیوم مردانه لالیکو مدل ساواج دیور با رایحه خنک حجم 100 میلی لیتر؛ محصول موجود در دیجی‌کالا. پیش از انتشار، اطلاعات محصول و مجوز استفاده از محتوا را بررسی کنید.","خرید ادو پرفیوم مردانه لالیکو مدل ساواج دیور با رایحه خنک حجم 100 میلی لیتر","عطر و ادکلن","دیجی‌کالا,عطر,ادکلن",12451200,7999000,draft,0,instock,10,no,no,,,,,,"https://dkstatics-public.digikala.com/digikala-products/2ddd2e1916a05c4bf1fb6723ff036b79873056a5_1742584559.jpg?x-oss-process=image/resize,m_lfit,h_300,w_300/format,webp/quality,q_80",,,https://www.digikala.com/product/dkp-18692911/ادو-پرفیوم-مردانه-لالیکو-مدل-ساواج-دیور-با-رایحه-خنک-حجم-100-میلی-لیتر,
132707,DIGIKALA-132707,"ادو پرفیوم مردانه ژک ساف مدل Victor حجم 100 میلی لیتر",ادو-پرفیوم-مردانه-ژک-ساف-مدل-victor-حجم-100-میلی-لیتر-132707,"ادو پرفیوم مردانه ژک ساف مدل Victor حجم 100 میلی لیتر؛ محصول موجود در دیجی‌کالا. پیش از انتشار، اطلاعات محصول و مجوز استفاده از محتوا را بررسی کنید.","خرید ادو پرفیوم مردانه ژک ساف مدل Victor حجم 100 میلی لیتر","عطر و ادکلن","دیجی‌کالا,عطر,ادکلن",24756050,22000000,draft,0,instock,10,no,no,,,,,,"https://dkstatics-public.digikala.com/digikala-products/25308688d04341e146677bff3767e7bdf8fb09a5_1753697956.jpg?x-oss-process=image/resize,m_lfit,h_300,w_300/format,webp/quality,q_80",,,https://www.digikala.com/product/dkp-132707/ادو-پرفیوم-مردانه-ژک-ساف-مدل-victor-حجم-100-میلی-لیتر,
18198719,DIGIKALA-18198719,"ادو پرفیوم مردانه ایفوریا مدل لالیک بلک با رایحه گرم و تلخ حجم 100 میلی لیتر",ادو-پرفیوم-مردانه-ایفوریا-مدل-لالیک-بلک-با-رایحه-گرم-و-تلخ-حجم-100-میلی-لیتر-18198719,"ادو پرفیوم مردانه ایفوریا مدل لالیک بلک با رایحه گرم و تلخ حجم 100 میلی لیتر؛ محصول موجود در دیجی‌کالا. پیش از انتشار، اطلاعات محصول و مجوز استفاده از محتوا را بررسی کنید.","خرید ادو پرفیوم مردانه ایفوریا مدل لالیک بلک با رایحه گرم و تلخ حجم 100 میلی لیتر","عطر و ادکلن","دیجی‌کالا,عطر,ادکلن",27500000,12000000,draft,0,instock,10,no,no,,,,,,"https://dkstatics-public.digikala.com/digikala-products/082cc53143116f94cdbdc341a7b181e1d804f4c6_1754239831.jpg?x-oss-process=image/resize,m_lfit,h_300,w_300/format,webp/quality,q_80",,,https://www.digikala.com/product/dkp-18198719/ادو-پرفیوم-مردانه-ایفوریا-مدل-لالیک-بلک-با-رایحه-گرم-و-تلخ-حجم-100-میلی-لیتر,
14952248,DIGIKALA-14952248,"ادو پرفیوم مردانه لطافه مدل خمره قهوه با رایحه گرم و تلخ حجم 100 میلی لیتر",ادو-پرفیوم-مردانه-لطافه-مدل-خمره-قهوه-با-رایحه-گرم-و-تلخ-حجم-100-میلی-لیتر-14952248,"ادو پرفیوم مردانه لطافه مدل خمره قهوه با رایحه گرم و تلخ حجم 100 میلی لیتر؛ محصول موجود در دیجی‌کالا. پیش از انتشار، اطلاعات محصول و مجوز استفاده از محتوا را بررسی کنید.","خرید ادو پرفیوم مردانه لطافه مدل خمره قهوه با رایحه گرم و تلخ حجم 100 میلی لیتر","عطر و ادکلن","دیجی‌کالا,عطر,ادکلن",33272200,,draft,0,instock,10,no,no,,,,,,"https://dkstatics-public.digikala.com/digikala-products/5a45c6797e5390b9bb6f86f17ea8b1164720e4cf_1754253694.jpg?x-oss-process=image/resize,m_lfit,h_300,w_300/format,webp/quality,q_80",,,https://www.digikala.com/product/dkp-14952248/ادو-پرفیوم-مردانه-لطافه-مدل-خمره-قهوه-با-رایحه-گرم-و-تلخ-حجم-100-میلی-لیتر,
16038694,DIGIKALA-16038694,"ادو پرفیوم مردانه نیفتی مدل ساواج دیور حجم 100 میلی لیتر مجموعه 2 عددی",ادو-پرفیوم-مردانه-نیفتی-مدل-ساواج-دیور-حجم-100-میلی-لیتر-مجموعه-2-عددی-16038694,"ادو پرفیوم مردانه نیفتی مدل ساواج دیور حجم 100 میلی لیتر مجموعه 2 عددی؛ محصول موجود در دیجی‌کالا. پیش از انتشار، اطلاعات محصول و مجوز استفاده از محتوا را بررسی کنید.","خرید ادو پرفیوم مردانه نیفتی مدل ساواج دیور حجم 100 میلی لیتر مجموعه 2 عددی","عطر و ادکلن","دیجی‌کالا,عطر,ادکلن",52000000,22880000,draft,0,instock,10,no,no,,,,,,"https://dkstatics-public.digikala.com/digikala-products/ff8d4507ab779769abbcf401eb5b09d636fdd277_1754235523.jpg?x-oss-process=image/resize,m_lfit,h_300,w_300/format,webp/quality,q_80",,,https://www.digikala.com/product/dkp-16038694/ادو-پرفیوم-مردانه-نیفتی-مدل-ساواج-دیور-حجم-100-میلی-لیتر-مجموعه-2-عددی,
13851969,DIGIKALA-13851969,"ادو پرفیوم مردانه فراگرنس پرشیا 116 مدل ژوپ حجم 50 میلی لیتر",ادو-پرفیوم-مردانه-فراگرنس-پرشیا-116-مدل-ژوپ-حجم-50-میلی-لیتر-13851969,"ادو پرفیوم مردانه فراگرنس پرشیا 116 مدل ژوپ حجم 50 میلی لیتر؛ محصول موجود در دیجی‌کالا. پیش از انتشار، اطلاعات محصول و مجوز استفاده از محتوا را بررسی کنید.","خرید ادو پرفیوم مردانه فراگرنس پرشیا 116 مدل ژوپ حجم 50 میلی لیتر","عطر و ادکلن","دیجی‌کالا,عطر,ادکلن",12000000,,draft,0,instock,10,no,no,,,,,,"https://dkstatics-public.digikala.com/digikala-products/7a369d7e52b6876a539524e5275f20ed807a92fc_1703427690.jpg?x-oss-process=image/resize,m_lfit,h_300,w_300/format,webp/quality,q_80",,,https://www.digikala.com/product/dkp-13851969/ادو-پرفیوم-مردانه-فراگرنس-پرشیا-116-مدل-ژوپ-حجم-50-میلی-لیتر,
22111829,DIGIKALA-22111829,"ادو پرفیوم مردانه اسکلاره مدل Dior Homme Intense با رایحه شیرین حجم 100 میلی لیتر",ادو-پرفیوم-مردانه-اسکلاره-مدل-dior-homme-intense-با-رایحه-شیرین-حجم-100-میلی-لیتر-22111829,"ادو پرفیوم مردانه اسکلاره مدل Dior Homme Intense با رایحه شیرین حجم 100 میلی لیتر؛ محصول موجود در دیجی‌کالا. پیش از انتشار، اطلاعات محصول و مجوز استفاده از محتوا را بررسی کنید.","خرید ادو پرفیوم مردانه اسکلاره مدل Dior Homme Intense با رایحه شیرین حجم 100 میلی لیتر","عطر و ادکلن","دیجی‌کالا,عطر,ادکلن",12418400,,draft,0,instock,10,no,no,,,,,,"https://dkstatics-public.digikala.com/digikala-products/3e78c547598f00699bc57049083bdc06e0faf3a1_1782651122.jpg?x-oss-process=image/resize,m_lfit,h_300,w_300/format,webp/quality,q_80",,,https://www.digikala.com/product/dkp-22111829/ادو-پرفیوم-مردانه-اسکلاره-مدل-dior-homme-intense-با-رایحه-شیرین-حجم-100-میلی-لیتر,
13335296,DIGIKALA-13335296,"ادو پرفیوم مردانه ایفوریا مدل دانهیل دیزایر بلو حجم 100 میلی لیتر",ادو-پرفیوم-مردانه-ایفوریا-مدل-دانهیل-دیزایر-بلو-حجم-100-میلی-لیتر-13335296,"ادو پرفیوم مردانه ایفوریا مدل دانهیل دیزایر بلو حجم 100 میلی لیتر؛ محصول موجود در دیجی‌کالا. پیش از انتشار، اطلاعات محصول و مجوز استفاده از محتوا را بررسی کنید.","خرید ادو پرفیوم مردانه ایفوریا مدل دانهیل دیزایر بلو حجم 100 میلی لیتر","عطر و ادکلن","دیجی‌کالا,عطر,ادکلن",43000000,15450000,draft,0,instock,10,no,no,,,,,,"https://dkstatics-public.digikala.com/digikala-products/938a548c4b5a202e1063c929b8c8a53246026b93_1754251778.jpg?x-oss-process=image/resize,m_lfit,h_300,w_300/format,webp/quality,q_80",,,https://www.digikala.com/product/dkp-13335296/ادو-پرفیوم-مردانه-ایفوریا-مدل-دانهیل-دیزایر-بلو-حجم-100-میلی-لیتر,
12327805,DIGIKALA-12327805,"ادوپرفیوم مردانه روونا مدل Cyrus حجم 100 میلی‌لیتر",ادوپرفیوم-مردانه-روونا-مدل-cyrus-حجم-100-میلی-لیتر-12327805,"ادوپرفیوم مردانه روونا مدل Cyrus حجم 100 میلی‌لیتر؛ محصول موجود در دیجی‌کالا. پیش از انتشار، اطلاعات محصول و مجوز استفاده از محتوا را بررسی کنید.","خرید ادوپرفیوم مردانه روونا مدل Cyrus حجم 100 میلی‌لیتر","عطر و ادکلن","دیجی‌کالا,عطر,ادکلن",19040400,,draft,0,instock,10,no,no,,,,,,"https://dkstatics-public.digikala.com/digikala-products/fbe7f7be159e81c5d8e3d0759d1e2ca61312589f_1754250585.jpg?x-oss-process=image/resize,m_lfit,h_300,w_300/format,webp/quality,q_80",,,https://www.digikala.com/product/dkp-12327805/ادوپرفیوم-مردانه-روونا-مدل-cyrus-حجم-100-میلیلیتر,
20152671,DIGIKALA-20152671,"ادو پرفیوم مردانه نیفتی مدل کریداونتوس با رایحه خنک حجم 30 میلی لیتر",ادو-پرفیوم-مردانه-نیفتی-مدل-کریداونتوس-با-رایحه-خنک-حجم-30-میلی-لیتر-20152671,"ادو پرفیوم مردانه نیفتی مدل کریداونتوس با رایحه خنک حجم 30 میلی لیتر؛ محصول موجود در دیجی‌کالا. پیش از انتشار، اطلاعات محصول و مجوز استفاده از محتوا را بررسی کنید.","خرید ادو پرفیوم مردانه نیفتی مدل کریداونتوس با رایحه خنک حجم 30 میلی لیتر","عطر و ادکلن","دیجی‌کالا,عطر,ادکلن",12000000,5880000,draft,0,instock,10,no,no,,,,,,"https://dkstatics-public.digikala.com/digikala-products/727728f71f0e00b2d105c54187f7edfdda0cbc7d_1755104534.jpg?x-oss-process=image/resize,m_lfit,h_300,w_300/format,webp/quality,q_80",,,https://www.digikala.com/product/dkp-20152671/ادو-پرفیوم-مردانه-نیفتی-مدل-کریداونتوس-با-رایحه-خنک-حجم-30-میلی-لیتر,
54738,DIGIKALA-54738,"ادو تویلت مردانه لالیک مدل Encre Noire مشکی حجم 100 میلی لیتر",ادو-تویلت-مردانه-لالیک-مدل-encre-noire-مشکی-حجم-100-میلی-لیتر-54738,"ادو تویلت مردانه لالیک مدل Encre Noire مشکی حجم 100 میلی لیتر؛ محصول موجود در دیجی‌کالا. پیش از انتشار، اطلاعات محصول و مجوز استفاده از محتوا را بررسی کنید.","خرید ادو تویلت مردانه لالیک مدل Encre Noire مشکی حجم 100 میلی لیتر","عطر و ادکلن","دیجی‌کالا,عطر,ادکلن",43640700,,draft,0,instock,10,no,no,,,,,,"https://dkstatics-public.digikala.com/digikala-products/373578.jpg?x-oss-process=image/resize,m_lfit,h_300,w_300/format,webp/quality,q_80",,,https://www.digikala.com/product/dkp-54738/ادو-تویلت-مردانه-لالیک-مدل-encre-noire-مشکی-حجم-100-میلی-لیتر,
9397443,DIGIKALA-9397443,"ادو پرفیوم مردانه فراگرنس پرشیا 116 مدل اسپلندور بلک حجم 100 میلی لیتر",ادو-پرفیوم-مردانه-فراگرنس-پرشیا-116-مدل-اسپلندور-بلک-حجم-100-میلی-لیتر-9397443,"ادو پرفیوم مردانه فراگرنس پرشیا 116 مدل اسپلندور بلک حجم 100 میلی لیتر؛ محصول موجود در دیجی‌کالا. پیش از انتشار، اطلاعات محصول و مجوز استفاده از محتوا را بررسی کنید.","خرید ادو پرفیوم مردانه فراگرنس پرشیا 116 مدل اسپلندور بلک حجم 100 میلی لیتر","عطر و ادکلن","دیجی‌کالا,عطر,ادکلن",16000000,7845000,draft,0,instock,10,no,no,,,,,,"https://dkstatics-public.digikala.com/digikala-products/90e9cd56a59d1b42e82bbf548a0c64dee34c5a75_1755787949.jpg?x-oss-process=image/resize,m_lfit,h_300,w_300/format,webp/quality,q_80",,,https://www.digikala.com/product/dkp-9397443/ادو-پرفیوم-مردانه-فراگرنس-پرشیا-116-مدل-اسپلندور-بلک-حجم-100-میلی-لیتر,
20372019,DIGIKALA-20372019,"ادوپرفیوم مردانه کلپک مدل ساواج دیور الکسیر با رایحه گرم حجم 100 میلی لیتر",ادوپرفیوم-مردانه-کلپک-مدل-ساواج-دیور-الکسیر-با-رایحه-گرم-حجم-100-میلی-لیتر-20372019,"ادوپرفیوم مردانه کلپک مدل ساواج دیور الکسیر با رایحه گرم حجم 100 میلی لیتر؛ محصول موجود در دیجی‌کالا. پیش از انتشار، اطلاعات محصول و مجوز استفاده از محتوا را بررسی کنید.","خرید ادوپرفیوم مردانه کلپک مدل ساواج دیور الکسیر با رایحه گرم حجم 100 میلی لیتر","عطر و ادکلن","دیجی‌کالا,عطر,ادکلن",25000000,14750000,draft,0,instock,10,no,no,,,,,,"https://dkstatics-public.digikala.com/digikala-products/a693f52d57adeeea3892af27f80dc3cd036124a1_1757309368.jpg?x-oss-process=image/resize,m_lfit,h_300,w_300/format,webp/quality,q_80",,,https://www.digikala.com/product/dkp-20372019/ادوپرفیوم-مردانه-کلپک-مدل-ساواج-دیور-الکسیر-با-رایحه-گرم-حجم-100-میلی-لیتر,
20081129,DIGIKALA-20081129,"ادو پرفیوم مردانه نیفتی مدل اینوکتوس با رایحه خنک حجم 50 میلی لیتر",ادو-پرفیوم-مردانه-نیفتی-مدل-اینوکتوس-با-رایحه-خنک-حجم-50-میلی-لیتر-20081129,"ادو پرفیوم مردانه نیفتی مدل اینوکتوس با رایحه خنک حجم 50 میلی لیتر؛ محصول موجود در دیجی‌کالا. پیش از انتشار، اطلاعات محصول و مجوز استفاده از محتوا را بررسی کنید.","خرید ادو پرفیوم مردانه نیفتی مدل اینوکتوس با رایحه خنک حجم 50 میلی لیتر","عطر و ادکلن","دیجی‌کالا,عطر,ادکلن",14000000,5740000,draft,0,instock,10,no,no,,,,,,"https://dkstatics-public.digikala.com/digikala-products/f71c5ce630a88265158aa943e5e07f3edc9bc35d_1754556534.jpg?x-oss-process=image/resize,m_lfit,h_300,w_300/format,webp/quality,q_80",,,https://www.digikala.com/product/dkp-20081129/ادو-پرفیوم-مردانه-نیفتی-مدل-اینوکتوس-با-رایحه-خنک-حجم-50-میلی-لیتر,
18910187,DIGIKALA-18910187,"ادوپرفیوم مردانه کلپک مدل تق هرمس با رایحه تلخ حجم ۱۰۰ میلی لیتر",ادوپرفیوم-مردانه-کلپک-مدل-تق-هرمس-با-رایحه-تلخ-حجم-۱۰۰-میلی-لیتر-18910187,"ادوپرفیوم مردانه کلپک مدل تق هرمس با رایحه تلخ حجم ۱۰۰ میلی لیتر؛ محصول موجود در دیجی‌کالا. پیش از انتشار، اطلاعات محصول و مجوز استفاده از محتوا را بررسی کنید.","خرید ادوپرفیوم مردانه کلپک مدل تق هرمس با رایحه تلخ حجم ۱۰۰ میلی لیتر","عطر و ادکلن","دیجی‌کالا,عطر,ادکلن",22000000,11000000,draft,0,instock,10,no,no,,,,,,"https://dkstatics-public.digikala.com/digikala-products/7f5bac6082f9d64d8f6420fce1f04160c248191a_1745831377.jpg?x-oss-process=image/resize,m_lfit,h_300,w_300/format,webp/quality,q_80",,,https://www.digikala.com/product/dkp-18910187/ادوپرفیوم-مردانه-کلپک-مدل-تق-هرمس-با-رایحه-تلخ-حجم-۱۰۰-میلی-لیتر,
8929801,DIGIKALA-8929801,"ادو پرفیوم مردانه فراگرنس پرشیا 116 مدل ساواج دیور حجم 100 میلی لیتر",ادو-پرفیوم-مردانه-فراگرنس-پرشیا-116-مدل-ساواج-دیور-حجم-100-میلی-لیتر-8929801,"ادو پرفیوم مردانه فراگرنس پرشیا 116 مدل ساواج دیور حجم 100 میلی لیتر؛ محصول موجود در دیجی‌کالا. پیش از انتشار، اطلاعات محصول و مجوز استفاده از محتوا را بررسی کنید.","خرید ادو پرفیوم مردانه فراگرنس پرشیا 116 مدل ساواج دیور حجم 100 میلی لیتر","عطر و ادکلن","دیجی‌کالا,عطر,ادکلن",9000000,8887800,draft,0,instock,10,no,no,,,,,,"https://dkstatics-public.digikala.com/digikala-products/4241496dbb4b197ea9a7c490ac317b58f15ddad3_1754248600.jpg?x-oss-process=image/resize,m_lfit,h_300,w_300/format,webp/quality,q_80",,,https://www.digikala.com/product/dkp-8929801/ادو-پرفیوم-مردانه-فراگرنس-پرشیا-116-مدل-ساواج-دیور-حجم-100-میلی-لیتر,
56661,DIGIKALA-56661,"ادو تویلت مردانه پاکو رابان مدل Invictus حجم 100 میلی لیتر",ادو-تویلت-مردانه-پاکو-رابان-مدل-invictus-حجم-100-میلی-لیتر-56661,"ادو تویلت مردانه پاکو رابان مدل Invictus حجم 100 میلی لیتر؛ محصول موجود در دیجی‌کالا. پیش از انتشار، اطلاعات محصول و مجوز استفاده از محتوا را بررسی کنید.","خرید ادو تویلت مردانه پاکو رابان مدل Invictus حجم 100 میلی لیتر","عطر و ادکلن","دیجی‌کالا,عطر,ادکلن",140093400,,draft,0,instock,10,no,no,,,,,,"https://dkstatics-public.digikala.com/digikala-products/8a1154281276077b52cfa47f447cfd7968a1c1a3_1753618586.jpg?x-oss-process=image/resize,m_lfit,h_300,w_300/format,webp/quality,q_80",,,https://www.digikala.com/product/dkp-56661/ادو-تویلت-مردانه-پاکو-رابان-مدل-invictus-حجم-100-میلی-لیتر,
13827589,DIGIKALA-13827589,"تستر ادو پرفیوم مردانه اینتنس مدل Dior حجم 100 میلی لیتر",تستر-ادو-پرفیوم-مردانه-اینتنس-مدل-dior-حجم-100-میلی-لیتر-13827589,"تستر ادو پرفیوم مردانه اینتنس مدل Dior حجم 100 میلی لیتر؛ محصول موجود در دیجی‌کالا. پیش از انتشار، اطلاعات محصول و مجوز استفاده از محتوا را بررسی کنید.","خرید تستر ادو پرفیوم مردانه اینتنس مدل Dior حجم 100 میلی لیتر","عطر و ادکلن","دیجی‌کالا,عطر,ادکلن",40700000,,draft,0,instock,10,no,no,,,,,,"https://dkstatics-public.digikala.com/digikala-products/ac807619011f5fa4f523685fff95bc357d727a36_1755788501.jpg?x-oss-process=image/resize,m_lfit,h_300,w_300/format,webp/quality,q_80",,,https://www.digikala.com/product/dkp-13827589/تستر-ادو-پرفیوم-مردانه-اینتنس-مدل-dior-حجم-100-میلی-لیتر,
4703853,DIGIKALA-4703853,"ادو پرفیوم مردانه اسکلاره مدل Mont Blanc Legend با رایحه شیرین و خنک حجم 100 میلی لیتر",ادو-پرفیوم-مردانه-اسکلاره-مدل-mont-blanc-legend-با-رایحه-شیرین-و-خنک-حجم-100-میلی-لیتر-4703853,"ادو پرفیوم مردانه اسکلاره مدل Mont Blanc Legend با رایحه شیرین و خنک حجم 100 میلی لیتر؛ محصول موجود در دیجی‌کالا. پیش از انتشار، اطلاعات محصول و مجوز استفاده از محتوا را بررسی کنید.","خرید ادو پرفیوم مردانه اسکلاره مدل Mont Blanc Legend با رایحه شیرین و خنک حجم 100 میلی لیتر","عطر و ادکلن","دیجی‌کالا,عطر,ادکلن",18362000,11000000,draft,0,instock,10,no,no,,,,,,"https://dkstatics-public.digikala.com/digikala-products/6072eac60ecd2402a640e452a8b1e3667d0b95a1_1754244640.jpg?x-oss-process=image/resize,m_lfit,h_300,w_300/format,webp/quality,q_80",,,https://www.digikala.com/product/dkp-4703853/ادو-پرفیوم-مردانه-اسکلاره-مدل-mont-blanc-legend-حجم-100-میلی-لیتر,
9790750,DIGIKALA-9790750,"ادو پرفیوم مردانه فراگرنس پرشیا 116 مدل بلو دی شنل حجم 50 میلی لیتر",ادو-پرفیوم-مردانه-فراگرنس-پرشیا-116-مدل-بلو-دی-شنل-حجم-50-میلی-لیتر-9790750,"ادو پرفیوم مردانه فراگرنس پرشیا 116 مدل بلو دی شنل حجم 50 میلی لیتر؛ محصول موجود در دیجی‌کالا. پیش از انتشار، اطلاعات محصول و مجوز استفاده از محتوا را بررسی کنید.","خرید ادو پرفیوم مردانه فراگرنس پرشیا 116 مدل بلو دی شنل حجم 50 میلی لیتر","عطر و ادکلن","دیجی‌کالا,عطر,ادکلن",12000000,4495000,draft,0,instock,10,no,no,,,,,,"https://dkstatics-public.digikala.com/digikala-products/e972ce32097289d0d54825001b7d6333b7720cdb_1667410146.jpg?x-oss-process=image/resize,m_lfit,h_300,w_300/format,webp/quality,q_80",,,https://www.digikala.com/product/dkp-9790750/ادو-پرفیوم-مردانه-فراگرنس-پرشیا-116-مدل-بلو-دی-شنل-حجم-50-میلی-لیتر,
81938,DIGIKALA-81938,"ادو تویلت مردانه مای مدل Concordia Fresh حجم 75 میلی لیتر",ادو-تویلت-مردانه-مای-مدل-concordia-fresh-حجم-75-میلی-لیتر-81938,"ادو تویلت مردانه مای مدل Concordia Fresh حجم 75 میلی لیتر؛ محصول موجود در دیجی‌کالا. پیش از انتشار، اطلاعات محصول و مجوز استفاده از محتوا را بررسی کنید.","خرید ادو تویلت مردانه مای مدل Concordia Fresh حجم 75 میلی لیتر","عطر و ادکلن","دیجی‌کالا,عطر,ادکلن",16750000,10887500,draft,0,instock,10,no,no,,,,,,"https://dkstatics-public.digikala.com/digikala-products/584163.jpg?x-oss-process=image/resize,m_lfit,h_300,w_300/format,webp/quality,q_80",,,https://www.digikala.com/product/dkp-81938/ادو-تویلت-مردانه-مای-مدل-concordia-fresh-حجم-75-میلی-لیتر,
19217905,DIGIKALA-19217905,"ادو پرفیوم مردانه هارلینگن مدل تام فورد توباکو وانیل با رایحه گرم حجم 50 میلی لیتر",ادو-پرفیوم-مردانه-هارلینگن-مدل-تام-فورد-توباکو-وانیل-با-رایحه-گرم-حجم-50-میلی-لیتر-19217905,"ادو پرفیوم مردانه هارلینگن مدل تام فورد توباکو وانیل با رایحه گرم حجم 50 میلی لیتر؛ محصول موجود در دیجی‌کالا. پیش از انتشار، اطلاعات محصول و مجوز استفاده از محتوا را بررسی کنید.","خرید ادو پرفیوم مردانه هارلینگن مدل تام فورد توباکو وانیل با رایحه گرم حجم 50 میلی لیتر","عطر و ادکلن","دیجی‌کالا,عطر,ادکلن",17000000,6690000,draft,0,instock,10,no,no,,,,,,"https://dkstatics-public.digikala.com/digikala-products/b121336f6a107d9e0080f94162e7ba7d69851dd1_1754241777.jpg?x-oss-process=image/resize,m_lfit,h_300,w_300/format,webp/quality,q_80",,,https://www.digikala.com/product/dkp-19217905/ادو-پرفیوم-مردانه-هارلینگن-مدل-تام-فورد-توباکو-وانیل-با-رایحه-گرم-حجم-50-میلی-لیتر,
18489979,DIGIKALA-18489979,"ادیوپرفیوم مردانه کلپک مدل ساواج دیور با رایحه خنک حجم 100 میلی لیتر",ادیوپرفیوم-مردانه-کلپک-مدل-ساواج-دیور-با-رایحه-خنک-حجم-100-میلی-لیتر-18489979,"ادیوپرفیوم مردانه کلپک مدل ساواج دیور با رایحه خنک حجم 100 میلی لیتر؛ محصول موجود در دیجی‌کالا. پیش از انتشار، اطلاعات محصول و مجوز استفاده از محتوا را بررسی کنید.","خرید ادیوپرفیوم مردانه کلپک مدل ساواج دیور با رایحه خنک حجم 100 میلی لیتر","عطر و ادکلن","دیجی‌کالا,عطر,ادکلن",22000000,9680000,draft,0,instock,10,no,no,,,,,,"https://dkstatics-public.digikala.com/digikala-products/7366a9d74b37f6f6f9fe9c0e13ebea7a9f285b50_1754240615.jpg?x-oss-process=image/resize,m_lfit,h_300,w_300/format,webp/quality,q_80",,,https://www.digikala.com/product/dkp-18489979/ادیوپرفیوم-مردانه-کلپک-مدل-ساواج-دیور-با-رایحه-خنک-حجم-100-میلی-لیتر,
18726597,DIGIKALA-18726597,"ادو پرفیوم مردانه نیفتی مدل دیزایر بلو با رایحه خنک حجم 50 میلی لیتر",ادو-پرفیوم-مردانه-نیفتی-مدل-دیزایر-بلو-با-رایحه-خنک-حجم-50-میلی-لیتر-18726597,"ادو پرفیوم مردانه نیفتی مدل دیزایر بلو با رایحه خنک حجم 50 میلی لیتر؛ محصول موجود در دیجی‌کالا. پیش از انتشار، اطلاعات محصول و مجوز استفاده از محتوا را بررسی کنید.","خرید ادو پرفیوم مردانه نیفتی مدل دیزایر بلو با رایحه خنک حجم 50 میلی لیتر","عطر و ادکلن","دیجی‌کالا,عطر,ادکلن",11000000,,draft,0,instock,10,no,no,,,,,,"https://dkstatics-public.digikala.com/digikala-products/165b27d89058aebf3c52e669b3a5204fb5deee08_1743023102.jpg?x-oss-process=image/resize,m_lfit,h_300,w_300/format,webp/quality,q_80",,,https://www.digikala.com/product/dkp-18726597/ادو-پرفیوم-مردانه-نیفتی-مدل-دیزایر-بلو-با-رایحه-خنک-حجم-50-میلی-لیتر,
12447708,DIGIKALA-12447708,"ادو پرفیوم مردانه پنسیس مدل الکساندر حجم 100 میلی لیتر",ادو-پرفیوم-مردانه-پنسیس-مدل-الکساندر-حجم-100-میلی-لیتر-12447708,"ادو پرفیوم مردانه پنسیس مدل الکساندر حجم 100 میلی لیتر؛ محصول موجود در دیجی‌کالا. پیش از انتشار، اطلاعات محصول و مجوز استفاده از محتوا را بررسی کنید.","خرید ادو پرفیوم مردانه پنسیس مدل الکساندر حجم 100 میلی لیتر","عطر و ادکلن","دیجی‌کالا,عطر,ادکلن",17000000,7999000,draft,0,instock,10,no,no,,,,,,"https://dkstatics-public.digikala.com/digikala-products/1336769449b217606fdf7bea94e57a047c40909f_1692595506.jpg?x-oss-process=image/resize,m_lfit,h_300,w_300/format,webp/quality,q_80",,,https://www.digikala.com/product/dkp-12447708/ادو-پرفیوم-مردانه-پنسیس-مدل-الکساندر-حجم-100-میلی-لیتر,
20680883,DIGIKALA-20680883,"ادو پرفیوم مردانه کلپک مدل ساواج دیور با رایحه خنک حجم 30 میلی لیتر",ادو-پرفیوم-مردانه-کلپک-مدل-ساواج-دیور-با-رایحه-خنک-حجم-30-میلی-لیتر-20680883,"ادو پرفیوم مردانه کلپک مدل ساواج دیور با رایحه خنک حجم 30 میلی لیتر؛ محصول موجود در دیجی‌کالا. پیش از انتشار، اطلاعات محصول و مجوز استفاده از محتوا را بررسی کنید.","خرید ادو پرفیوم مردانه کلپک مدل ساواج دیور با رایحه خنک حجم 30 میلی لیتر","عطر و ادکلن","دیجی‌کالا,عطر,ادکلن",13000000,4940000,draft,0,instock,10,no,no,,,,,,"https://dkstatics-public.digikala.com/digikala-products/a54ea92362128ef979fd8dc106094947caf99abe_1760507068.jpg?x-oss-process=image/resize,m_lfit,h_300,w_300/format,webp/quality,q_80",,,https://www.digikala.com/product/dkp-20680883/ادو-پرفیوم-مردانه-کلپک-مدل-ساواج-دیور-با-رایحه-خنک-حجم-30-میلی-لیتر,
20207295,DIGIKALA-20207295,"عطر جیبی دلگادو مدل گرینلی با رایحه خنک حجم 25 میلی‌لیتر",عطر-جیبی-دلگادو-مدل-گرینلی-با-رایحه-خنک-حجم-25-میلی-لیتر-20207295,"عطر جیبی دلگادو مدل گرینلی با رایحه خنک حجم 25 میلی‌لیتر؛ محصول موجود در دیجی‌کالا. پیش از انتشار، اطلاعات محصول و مجوز استفاده از محتوا را بررسی کنید.","خرید عطر جیبی دلگادو مدل گرینلی با رایحه خنک حجم 25 میلی‌لیتر","عطر و ادکلن","دیجی‌کالا,عطر,ادکلن",8164500,,draft,0,instock,10,no,no,,,,,,"https://dkstatics-public.digikala.com/digikala-products/614438da99ba06c7932d12c79c852cfe0aef8186_1786372478.jpg?x-oss-process=image/resize,m_lfit,h_300,w_300/format,webp/quality,q_80",,,https://www.digikala.com/product/dkp-20207295/عطر-جیبی-دلگادو-مدل-گرینلی-با-رایحه-خنک-حجم-25-میلیلیتر,
14968462,DIGIKALA-14968462,"ادو پرفیوم مردانه پریمیر نوت مدل  AQVA BVLGARI  حجم 100 میلی لیتر",ادو-پرفیوم-مردانه-پریمیر-نوت-مدل-aqva-bvlgari-حجم-100-میلی-لیتر-14968462,"ادو پرفیوم مردانه پریمیر نوت مدل  AQVA BVLGARI  حجم 100 میلی لیتر؛ محصول موجود در دیجی‌کالا. پیش از انتشار، اطلاعات محصول و مجوز استفاده از محتوا را بررسی کنید.","خرید ادو پرفیوم مردانه پریمیر نوت مدل  AQVA BVLGARI  حجم 100 میلی لیتر","عطر و ادکلن","دیجی‌کالا,عطر,ادکلن",18700000,11000000,draft,0,instock,10,no,no,,,,,,"https://dkstatics-public.digikala.com/digikala-products/421f477a0a0ada32f3429c78071d33ba924cdeb3_1712066557.jpg?x-oss-process=image/resize,m_lfit,h_300,w_300/format,webp/quality,q_80",,,https://www.digikala.com/product/dkp-14968462/ادو-پرفیوم-مردانه-پریمیر-نوت-مدل-aqva-bvlgari-حجم-100-میلی-لیتر,
4343742,DIGIKALA-4343742,"پرفیوم مردانه دیور مدل Sauvage Parfum حجم 100 میلی لیتر",پرفیوم-مردانه-دیور-مدل-sauvage-parfum-حجم-100-میلی-لیتر-4343742,"پرفیوم مردانه دیور مدل Sauvage Parfum حجم 100 میلی لیتر؛ محصول موجود در دیجی‌کالا. پیش از انتشار، اطلاعات محصول و مجوز استفاده از محتوا را بررسی کنید.","خرید پرفیوم مردانه دیور مدل Sauvage Parfum حجم 100 میلی لیتر","عطر و ادکلن","دیجی‌کالا,عطر,ادکلن",298257300,,draft,0,instock,10,no,no,,,,,,"https://dkstatics-public.digikala.com/digikala-products/ed805dba7b1597009e5880b1baf8dbc0ac5222d9_1611918997.jpg?x-oss-process=image/resize,m_lfit,h_300,w_300/format,webp/quality,q_80",,,https://www.digikala.com/product/dkp-4343742/پرفیوم-مردانه-دیور-مدل-sauvage-parfum-حجم-100-میلی-لیتر,
20599667,DIGIKALA-20599667,"ادو پرفیوم مردانه ایفوریا مدل اونتیوس با رایحه تلخ حجم 100 میلی لیتر",ادو-پرفیوم-مردانه-ایفوریا-مدل-اونتیوس-با-رایحه-تلخ-حجم-100-میلی-لیتر-20599667,"ادو پرفیوم مردانه ایفوریا مدل اونتیوس با رایحه تلخ حجم 100 میلی لیتر؛ محصول موجود در دیجی‌کالا. پیش از انتشار، اطلاعات محصول و مجوز استفاده از محتوا را بررسی کنید.","خرید ادو پرفیوم مردانه ایفوریا مدل اونتیوس با رایحه تلخ حجم 100 میلی لیتر","عطر و ادکلن","دیجی‌کالا,عطر,ادکلن",16000000,9940000,draft,0,instock,10,no,no,,,,,,"https://dkstatics-public.digikala.com/digikala-products/c2af12e137417735d041b23ffaca85214fd18461_1759665721.jpg?x-oss-process=image/resize,m_lfit,h_300,w_300/format,webp/quality,q_80",,,https://www.digikala.com/product/dkp-20599667/ادو-پرفیوم-مردانه-ایفوریا-مدل-اونتیوس-با-رایحه-تلخ-حجم-100-میلی-لیتر,
22058228,DIGIKALA-22058228,"ادو پرفیوم مردانه آیس من مدل ساواج دیور با رایحه خنک حجم 100 میلی لیتر",ادو-پرفیوم-مردانه-آیس-من-مدل-ساواج-دیور-با-رایحه-خنک-حجم-100-میلی-لیتر-22058228,"ادو پرفیوم مردانه آیس من مدل ساواج دیور با رایحه خنک حجم 100 میلی لیتر؛ محصول موجود در دیجی‌کالا. پیش از انتشار، اطلاعات محصول و مجوز استفاده از محتوا را بررسی کنید.","خرید ادو پرفیوم مردانه آیس من مدل ساواج دیور با رایحه خنک حجم 100 میلی لیتر","عطر و ادکلن","دیجی‌کالا,عطر,ادکلن",27000000,9220000,draft,0,instock,10,no,no,,,,,,"https://dkstatics-public.digikala.com/digikala-products/db1c8f7e4d63775e9b03fed47e19a446068519c4_1781893156.jpg?x-oss-process=image/resize,m_lfit,h_300,w_300/format,webp/quality,q_80",,,https://www.digikala.com/product/dkp-22058228/ادو-پرفیوم-مردانه-آیس-من-مدل-ساواج-دیور-با-رایحه-خنک-حجم-100-میلی-لیتر,
18026460,DIGIKALA-18026460,"ادو پرفیوم مردانه پریمیر نوت مدل LALIQUE NOIR EXTREME با رایحه گرم حجم 100 میلی لیتر",ادو-پرفیوم-مردانه-پریمیر-نوت-مدل-lalique-noir-extreme-با-رایحه-گرم-حجم-100-میلی-لیتر-18026460,"ادو پرفیوم مردانه پریمیر نوت مدل LALIQUE NOIR EXTREME با رایحه گرم حجم 100 میلی لیتر؛ محصول موجود در دیجی‌کالا. پیش از انتشار، اطلاعات محصول و مجوز استفاده از محتوا را بررسی کنید.","خرید ادو پرفیوم مردانه پریمیر نوت مدل LALIQUE NOIR EXTREME با رایحه گرم حجم 100 میلی لیتر","عطر و ادکلن","دیجی‌کالا,عطر,ادکلن",18700000,11000000,draft,0,instock,10,no,no,,,,,,"https://dkstatics-public.digikala.com/digikala-products/7590519417ce5dd9d76c74cea13db2bac3f6a5ad_1736933114.jpg?x-oss-process=image/resize,m_lfit,h_300,w_300/format,webp/quality,q_80",,,https://www.digikala.com/product/dkp-18026460/ادو-پرفیوم-مردانه-پریمیر-نوت-مدل-lalique-noir-extreme-با-رایحه-گرم-حجم-100-میلی-لیتر,
18726487,DIGIKALA-18726487,"ادو پرفیوم مردانه ژاورو مدل بلو شنل با رایحه معتدل حجم 100 میلی لیتر",ادو-پرفیوم-مردانه-ژاورو-مدل-بلو-شنل-با-رایحه-معتدل-حجم-100-میلی-لیتر-18726487,"ادو پرفیوم مردانه ژاورو مدل بلو شنل با رایحه معتدل حجم 100 میلی لیتر؛ محصول موجود در دیجی‌کالا. پیش از انتشار، اطلاعات محصول و مجوز استفاده از محتوا را بررسی کنید.","خرید ادو پرفیوم مردانه ژاورو مدل بلو شنل با رایحه معتدل حجم 100 میلی لیتر","عطر و ادکلن","دیجی‌کالا,عطر,ادکلن",23000000,9995000,draft,0,instock,10,no,no,,,,,,"https://dkstatics-public.digikala.com/digikala-products/69f7c66f4faff5e07d00121a4c6be4d1ae47d9b7_1754241115.jpg?x-oss-process=image/resize,m_lfit,h_300,w_300/format,webp/quality,q_80",,,https://www.digikala.com/product/dkp-18726487/ادو-پرفیوم-مردانه-ژاورو-مدل-بلو-شنل-با-رایحه-معتدل-حجم-100-میلی-لیتر,
